{
    "url": "http:\/\/plita.kh.ua\/news\/tekhnologija_ukladka_trotuarnoj_plitki\/2018-03-21-62",
    "title": "\u0422\u0435\u0445\u043d\u043e\u043b\u043e\u0433\u0438\u044f \u0443\u043a\u043b\u0430\u0434\u043a\u0430 \u0442\u0440\u043e\u0442\u0443\u0430\u0440\u043d\u043e\u0439 \u043f\u043b\u0438\u0442\u043a\u0438 - 21 \u041c\u0430\u0440\u0442\u0430 2018 - \u0423\u043a\u043b\u0430\u0434\u043a\u0430 \u0442\u0440\u043e\u0442\u0443\u0430\u0440\u043d\u043e\u0439 \u043f\u043b\u0438\u0442\u043a\u0438 \u0425\u0430\u0440\u044c\u043a\u043e\u0432 \u0446\u0435\u043d\u0430",
    "display_name": "\u0422\u0435\u0445\u043d\u043e\u043b\u043e\u0433\u0438\u044f \u0443\u043a\u043b\u0430\u0434\u043a\u0430 \u0442\u0440\u043e\u0442\u0443\u0430\u0440\u043d\u043e\u0439 \u043f\u043b\u0438\u0442\u043a\u0438",
    "date": "21 \u041c\u0430\u0440\u0442\u0430 2018",
    "thumbnail": "\/_nw\/0\/76628767.jpg",
    "content": "<div class=\"viewn-in\">  <h1 style=\"margin-right: 5.35pt; text-align: justify;\"><strong><span style=\"font-family:Times New Roman,Times,serif;\"><span style=\"font-size:16px;\">\u0422\u0440\u043e\u0442\u0443\u0430\u0440\u043d\u0430\u044f \u043f\u043b\u0438\u0442\u043a\u0430 <\/span><\/span><\/strong><\/h1>  <p style=\"margin-right: 5.35pt; text-align: justify;\"><span style=\"font-family:Times New Roman,Times,serif;\"><span style=\"font-size:16px;\">\u041e\u0441\u043d\u043e\u0432\u043d\u044b\u043c \u043c\u0430\u0442\u0435\u0440\u0438\u0430\u043b\u043e\u043c \u043c\u043e\u0449\u0435\u043d\u0438\u044f, \u0443\u0441\u0442\u0440\u043e\u0439\u0441\u0442\u0432\u0430 \u0442\u0440\u043e\u0442\u0443\u0430\u0440\u043e\u0432 \u044f\u0432\u043b\u044f\u0435\u0442\u0441\u044f \u043f\u043b\u0438\u0442\u043a\u0430, \u0431\u0440\u0443\u0441\u0447\u0430\u0442\u043a\u0430, \u043f\u0440\u0435\u0434\u0441\u0442\u0430\u0432\u043b\u044f\u044e\u0449\u0430\u044f \u0441\u043e\u0431\u043e\u0439 \u0431\u0435\u0442\u043e\u043d\u043d\u044b\u0435 \u0438\u043b\u0438 \u043a\u0430\u043c\u0435\u043d\u043d\u044b\u0435 \u0431\u0440\u0443\u0441\u043a\u0438, \u043f\u043e \u0444\u043e\u0440\u043c\u0435 \u043f\u0440\u0438\u0431\u043b\u0438\u0436\u0430\u044e\u0449\u0438\u0435\u0441\u044f \u043a \u043f\u0430\u0440\u0430\u043b\u043b\u0435\u043b\u0435\u043f\u0438\u043f\u0435\u0434\u0443, \u043d\u0435\u0441\u043a\u043e\u043b\u044c\u043a\u043e \u0441\u0443\u0436\u0430\u044e\u0449\u0435\u043c\u0443\u0441\u044f \u043a\u043d\u0438\u0437\u0443. \u0420\u0430\u0437\u043c\u0435\u0440\u044b \u043f\u0440\u0435\u0434\u0441\u0442\u0430\u0432\u043b\u0435\u043d\u044b \u0432 \u0442\u0430\u0431\u043b\u0438\u0446\u0435 <\/span><\/span><\/p>  <p class=\"30\" style=\"margin-right: 5.35pt;\"><span style=\"font-family:Times New Roman,Times,serif;\"><span style=\"font-size:16px;\"><a href=\"\/Ctati\/2018\/IMG_2971.jpg\"><img alt=\"\u0443\u043a\u043b\u0430\u0434\u043a\u0430 \u0442\u0440\u043e\u0442\u0443\u0430\u0440\u043d\u043e\u0439 \u043f\u043b\u0438\u0442\u043a\u0438\" src=\"\/Ctati\/2018\/IMG_2971.jpg\" style=\"width: 450px; height: 338px;\" \/><\/a><\/span><\/span><\/p>  <h2 class=\"30\" style=\"margin-right: 5.35pt; text-align: justify;\"><strong><span style=\"font-family:Times New Roman,Times,serif;\"><span style=\"font-size:16px;\"><span style=\"background:transparent\"><span style=\"line-height:normal\"><span style=\"font-weight:normal\">\u0420\u0430\u0437\u043c\u0435\u0440\u044b \u0431\u0440\u0443\u0441\u0447\u0430\u0442\u043a\u0438, \u0442\u0440\u043e\u0442\u0443\u0430\u0440\u043d\u043e\u0439 \u043f\u043b\u0438\u0442\u043a\u0438<\/span><\/span><\/span><\/span><\/span><\/strong><\/h2>  <p class=\"30\" style=\"margin-right: 5.35pt; text-align: justify;\">&nbsp;<\/p>  <table class=\"Table\" style=\"margin-left:12.5pt; border-collapse:collapse; border:solid windowtext 1.0pt\">  <tbody>  <tr style=\"height:26.0pt\">  <td style=\"width:104.65pt; border:solid windowtext 1.0pt\" width=\"174\">  <p style=\"margin-right: 5.35pt; padding: 0cm 5.4pt; text-align: justify;\"><span style=\"font-family:Times New Roman,Times,serif;\"><span style=\"font-size:16px;\"><span style=\"height:26.0pt\">\u0424\u0440\u0430\u043a\u0446\u0438\u044f \u043f\u043b\u0438\u0442\u043a\u0438<\/span><\/span><\/span><\/p>  <\/td>  <td style=\"width:65.45pt; border:solid windowtext 1.0pt; border-left:none\" width=\"109\">  <p style=\"margin-right: 5.35pt; padding: 0cm 5.4pt; text-align: justify;\"><span style=\"font-family:Times New Roman,Times,serif;\"><span style=\"font-size:16px;\"><span style=\"height:26.0pt\">\u0428\u0438\u0440\u0438\u043d\u0430 \u0441\u043c.<\/span><\/span><\/span><\/p>  <\/td>  <td style=\"width:2.0cm; border:solid windowtext 1.0pt; border-left:none\" width=\"95\">  <p style=\"margin-right: 5.35pt; padding: 0cm 5.4pt; text-align: justify;\"><span style=\"font-family:Times New Roman,Times,serif;\"><span style=\"font-size:16px;\"><span style=\"height:26.0pt\">\u0414\u043b\u0438\u043d\u0430 \u0441\u043c.<\/span><\/span><\/span><\/p>  <\/td>  <td style=\"width:2.0cm; border:solid windowtext 1.0pt; border-left:none\" width=\"95\">  <p style=\"margin-right: 5.35pt; padding: 0cm 5.4pt; text-align: justify;\"><span style=\"font-family:Times New Roman,Times,serif;\"><span style=\"font-size:16px;\"><span style=\"height:26.0pt\">\u0412\u044b\u0441\u043e\u0442\u0430 \u0441\u043c.<\/span><\/span><\/span><\/p>  <\/td>  <\/tr>  <tr style=\"height:20.45pt\">  <td style=\"width:104.65pt; border:solid windowtext 1.0pt; border-top:none\" width=\"174\">  <p style=\"margin-right: 5.35pt; padding: 0cm 5.4pt; text-align: justify;\"><span style=\"font-family:Times New Roman,Times,serif;\"><span style=\"font-size:16px;\"><span style=\"height:20.45pt\">\u041d\u0438\u0437\u043a\u0430\u044f<\/span><\/span><\/span><\/p>  <\/td>  <td style=\"width:65.45pt; border-top:none; border-left:none; border-bottom:solid windowtext 1.0pt; border-right:solid windowtext 1.0pt\" width=\"109\">  <p style=\"margin-right: 5.35pt; padding: 0cm 5.4pt; text-align: justify;\"><span style=\"font-family:Times New Roman,Times,serif;\"><span style=\"font-size:16px;\"><span style=\"height:20.45pt\">5&mdash;15<\/span><\/span><\/span><\/p>  <\/td>  <td style=\"width:2.0cm; border-top:none; border-left:none; border-bottom:solid windowtext 1.0pt; border-right:solid windowtext 1.0pt\" width=\"95\">  <p style=\"margin-right: 5.35pt; padding: 0cm 5.4pt; text-align: justify;\"><span style=\"font-family:Times New Roman,Times,serif;\"><span style=\"font-size:16px;\"><span style=\"height:20.45pt\">10&mdash;20<\/span><\/span><\/span><\/p>  <\/td>  <td style=\"width:2.0cm; border-top:none; border-left:none; border-bottom:solid windowtext 1.0pt; border-right:solid windowtext 1.0pt\" width=\"95\">  <p style=\"margin-right: 5.35pt; padding: 0cm 5.4pt; text-align: justify;\"><span style=\"font-family:Times New Roman,Times,serif;\"><span style=\"font-size:16px;\"><span style=\"height:20.45pt\">2-4<\/span><\/span><\/span><\/p>  <\/td>  <\/tr>  <tr style=\"height:18.6pt\">  <td style=\"width:104.65pt; border:solid windowtext 1.0pt; border-top:none\" width=\"174\">  <p style=\"margin-right: 5.35pt; padding: 0cm 5.4pt; text-align: justify;\"><span style=\"font-family:Times New Roman,Times,serif;\"><span style=\"font-size:16px;\"><span style=\"height:18.6pt\">\u0421\u0440\u0435\u0434\u043d\u044f\u044f<\/span><\/span><\/span><\/p>  <\/td>  <td style=\"width:65.45pt; border-top:none; border-left:none; border-bottom:solid windowtext 1.0pt; border-right:solid windowtext 1.0pt\" width=\"109\">  <p style=\"margin-right: 5.35pt; padding: 0cm 5.4pt; text-align: justify;\"><span style=\"font-family:Times New Roman,Times,serif;\"><span style=\"font-size:16px;\"><span style=\"height:18.6pt\">10&mdash;20<\/span><\/span><\/span><\/p>  <\/td>  <td style=\"width:2.0cm; border-top:none; border-left:none; border-bottom:solid windowtext 1.0pt; border-right:solid windowtext 1.0pt\" width=\"95\">  <p style=\"margin-right: 5.35pt; padding: 0cm 5.4pt; text-align: justify;\"><span style=\"font-family:Times New Roman,Times,serif;\"><span style=\"font-size:16px;\"><span style=\"height:18.6pt\">15&mdash;30<\/span><\/span><\/span><\/p>  <\/td>  <td style=\"width:2.0cm; border-top:none; border-left:none; border-bottom:solid windowtext 1.0pt; border-right:solid windowtext 1.0pt\" width=\"95\">  <p style=\"margin-right: 5.35pt; padding: 0cm 5.4pt; text-align: justify;\"><span style=\"font-family:Times New Roman,Times,serif;\"><span style=\"font-size:16px;\"><span style=\"height:18.6pt\">4-6<\/span><\/span><\/span><\/p>  <\/td>  <\/tr>  <tr style=\"height:16.65pt\">  <td style=\"width:104.65pt; border:solid windowtext 1.0pt; border-top:none\" width=\"174\">  <p style=\"margin-right: 5.35pt; padding: 0cm 5.4pt; text-align: justify;\"><span style=\"font-family:Times New Roman,Times,serif;\"><span style=\"font-size:16px;\"><span style=\"height:16.65pt\">\u0412\u044b\u0441\u043e\u043a\u0430\u044f<\/span><\/span><\/span><\/p>  <\/td>  <td style=\"width:65.45pt; border-top:none; border-left:none; border-bottom:solid windowtext 1.0pt; border-right:solid windowtext 1.0pt\" width=\"109\">  <p style=\"margin-right: 5.35pt; padding: 0cm 5.4pt; text-align: justify;\"><span style=\"font-family:Times New Roman,Times,serif;\"><span style=\"font-size:16px;\"><span style=\"height:16.65pt\">15&mdash;40<\/span><\/span><\/span><\/p>  <\/td>  <td style=\"width:2.0cm; border-top:none; border-left:none; border-bottom:solid windowtext 1.0pt; border-right:solid windowtext 1.0pt\" width=\"95\">  <p style=\"margin-right: 5.35pt; padding: 0cm 5.4pt; text-align: justify;\"><span style=\"font-family:Times New Roman,Times,serif;\"><span style=\"font-size:16px;\"><span style=\"height:16.65pt\">20&mdash;40<\/span><\/span><\/span><\/p>  <\/td>  <td style=\"width:2.0cm; border-top:none; border-left:none; border-bottom:solid windowtext 1.0pt; border-right:solid windowtext 1.0pt\" width=\"95\">  <p style=\"margin-right: 5.35pt; padding: 0cm 5.4pt; text-align: justify;\"><span style=\"font-family:Times New Roman,Times,serif;\"><span style=\"font-size:16px;\"><span style=\"height:16.65pt\">6-10<\/span><\/span><\/span><\/p>  <\/td>  <\/tr>  <\/tbody> <\/table>  <p class=\"30\" style=\"margin-right: 5.35pt; text-align: justify;\">&nbsp;<\/p>  <p class=\"30\" style=\"margin: 9.9pt 5.35pt 0.0001pt 0cm; text-align: justify;\"><span style=\"font-family:Times New Roman,Times,serif;\"><span style=\"font-size:16px;\"><span style=\"background:transparent\"><span style=\"line-height:normal\"><span style=\"font-weight:normal\">\u0421\u043a\u043e\u0441 \u0443 \u043a\u0430\u0436\u0434\u043e\u0439 \u0441\u0442\u043e\u0440\u043e\u043d\u044b \u0434\u043e\u043b\u0436\u0435\u043d \u0431\u044b\u0442\u044c \u043d\u0435 \u0431\u043e\u043b\u0435\u0435 5 \u043c\u043c \u0434\u043b\u044f \u043d\u0438\u0437\u043a\u043e\u0439 \u0431\u0440\u0443\u0441\u0447\u0430\u0442\u043a\u0438 \u0438 \u043d\u0435 \u0431\u043e\u043b\u0435\u0435 10 \u043c\u043c \u0434\u043b\u044f \u0441\u0440\u0435\u0434\u043d\u0435\u0439 \u0438 \u0432\u044b\u0441\u043e\u043a\u043e\u0439. \u041f\u043b\u0438\u0442\u043a\u0443, \u0431\u0440\u0443\u0441\u0447\u0430\u0442\u043a\u0443, \u0430 \u0442\u0430\u043a\u0436\u0435 \u043c\u043e\u0437\u0430\u0438\u043a\u043e\u0432\u0443\u044e \u0448\u0430\u0448\u043a\u0443 \u0438\u0437\u0433\u043e\u0442\u043e\u0432\u043b\u044f\u044e\u0442 \u0438\u0437 \u043f\u0440\u043e\u0447\u043d\u044b\u0445 \u0431\u0435\u0442\u043e\u043d\u043e\u0432 \u0438 \u0433\u043e\u0440\u043d\u044b\u0445 \u043f\u043e\u0440\u043e\u0434 \u0441 \u0441\u043e\u043f\u0440\u043e\u0442\u0438\u0432\u043b\u0435\u043d\u0438\u0435\u043c \u0441\u0436\u0430\u0442\u0438\u044e \u043d\u0435 \u043d\u0438\u0436\u0435 1000 \u043a\u0433\u0441\/\u0441\u043c<sup>2<\/sup> (100 \u041c\u041f\u0430). \u0412\u043e\u0434\u043e\u043d\u0430\u0441\u044b\u0449\u0435\u043d\u0438\u0435 \u0434\u043e\u043b\u0436\u043d\u043e \u0431\u044b\u0442\u044c \u043d\u0435 \u0431\u043e\u043b\u0435\u0435 2 % (\u043f\u043e \u0432\u0435\u0441\u0443).<\/span><\/span><\/span><\/span><\/span><\/p>  <h2 class=\"30\" style=\"margin: 9.9pt 5.35pt 0.0001pt 0cm; text-align: justify;\"><strong><span style=\"font-family:Times New Roman,Times,serif;\"><span style=\"font-size:16px;\"><span style=\"background:transparent\"><span style=\"line-height:normal\">\u0422\u0435\u0445\u043d\u043e\u043b\u043e\u0433\u0438\u044f \u0443\u043a\u043b\u0430\u0434\u043a\u0438 \u0442\u0440\u043e\u0442\u0443\u0430\u0440\u043d\u043e\u0439 \u043f\u043b\u0438\u0442\u043a\u0438, \u043f\u0440\u0430\u0432\u0438\u043b\u0430<\/span><\/span><\/span><\/span><\/strong><\/h2>  <p class=\"30\" style=\"margin-right: 5.35pt; text-align: justify;\"><span style=\"font-family:Times New Roman,Times,serif;\"><span style=\"font-size:16px;\"><span style=\"background:transparent\"><span style=\"line-height:normal\"><span style=\"font-weight:normal\">\u0414\u043e \u043d\u0430\u0447\u0430\u043b\u0430 \u0440\u0430\u0431\u043e\u0442 \u043f\u043e \u043c\u043e\u0449\u0435\u043d\u0438\u044e \u043f\u0440\u043e\u0438\u0437\u0432\u043e\u0434\u044f\u0442 \u043f\u043b\u0430\u043d\u0438\u0440\u043e\u0432\u043a\u0443 \u043f\u0435\u0441\u0447\u0430\u043d\u043e\u0433\u043e \u0441\u043b\u043e\u044f, \u0430 \u0442\u0430\u043a\u0436\u0435 \u043d\u0435\u043e\u0431\u0445\u043e\u0434\u0438\u043c\u044b\u0435 \u0440\u0430\u0437\u0431\u0438\u0432\u043e\u0447\u043d\u044b\u0435 \u0440\u0430\u0431\u043e\u0442\u044b. \u0414\u043b\u044f \u043e\u0431\u0435\u0441\u043f\u0435\u0447\u0435\u043d\u0438\u044f \u043f\u0440\u0430\u0432\u0438\u043b\u044c\u043d\u043e\u0439 \u0443\u043a\u043b\u0430\u0434\u043a\u0438 \u043f\u043e\u043f\u0435\u0440\u0435\u0447\u043d\u044b\u0445 \u0440\u044f\u0434\u043e\u0432 \u0431\u0440\u0443\u0441\u0447\u0430\u0442\u043a\u0438 \u0447\u0435\u0440\u0435\u0437 \u043a\u0430\u0436\u0434\u044b\u0435 1&mdash;2 \u043c \u043f\u0435\u0440\u043f\u0435\u043d\u0434\u0438\u043a\u0443\u043b\u044f\u0440\u043d\u043e \u043e\u0441\u0438 \u0434\u043e\u0440\u043e\u0433\u0438 \u043d\u0430\u0442\u044f\u0433\u0438\u0432\u0430\u044e\u0442 \u0448\u043d\u0443\u0440\u044b, \u043f\u043e \u043a\u043e\u0442\u043e\u0440\u044b\u043c \u0438 \u0432\u044b\u043f\u043e\u043b\u043d\u044f\u044e\u0442 \u043c\u043e\u0449\u0435\u043d\u0438\u0435. \u041a\u0440\u043e\u043c\u0435 \u0442\u043e\u0433\u043e, \u0434\u043e \u043d\u0430\u0447\u0430\u043b\u0430 \u043c\u043e\u0449\u0435\u043d\u0438\u044f \u043f\u043b\u0438\u0442\u043a\u0443, \u0430 \u0437\u0430\u0447\u0430\u0441\u0442\u0443\u044e \u0431\u0440\u0443\u0441\u0447\u0430\u0442\u043a\u0443 \u0442\u0449\u0430\u0442\u0435\u043b\u044c\u043d\u043e \u0441\u043e\u0440\u0442\u0438\u0440\u0443\u044e\u0442, \u0435\u0441\u043b\u0438 \u043a\u043e\u043d\u0435\u0447\u043d\u043e \u044d\u0442\u043e \u043d\u0443\u0436\u043d\u043e, \u0441\u043f\u0435\u0446\u0438\u0430\u043b\u044c\u043d\u044b\u043c \u0448\u0430\u0431\u043b\u043e\u043d\u043e\u043c, \u0437\u0430\u0442\u0435\u043c \u043f\u043e\u0434\u0431\u0438\u0440\u0430\u044e\u0442 \u0442\u0430\u043a, \u0447\u0442\u043e\u0431\u044b \u0448\u0438\u0440\u0438\u043d\u0430 \u043a\u0430\u043c\u043d\u0435\u0439, \u0438\u0441&shy;\u043f\u043e\u043b\u044c\u0437\u0443\u0435\u043c\u044b\u0445 \u0432 \u043e\u0434\u043d\u043e\u043c \u0440\u044f\u0434\u0443, \u043d\u0435 \u043e\u0442\u043b\u0438\u0447\u0430\u043b\u0430\u0441\u044c \u0431\u043e\u043b\u044c\u0448\u0435 \u0447\u0435\u043c \u043d\u0430 0,5 \u0441\u043c, \u0430 \u0440\u0430\u0437\u043d\u0438\u0446\u0430 \u043f\u043e \u0432\u044b\u0441\u043e\u0442\u0435 \u043d\u0435 \u043f\u0440\u0435\u0432\u044b\u0448\u0430\u043b\u0430 1 \u0441\u043c.<\/span><\/span><\/span><\/span><\/span><\/p>  <h2 class=\"30\" style=\"margin-right: 5.35pt; text-align: justify;\"><strong><span style=\"font-family:Times New Roman,Times,serif;\"><span style=\"font-size:16px;\"><span style=\"background:transparent\"><span style=\"line-height:normal\">\u041c\u043e\u0449\u0435\u043d\u0438\u0435 \u043d\u0430\u0447\u0438\u043d\u0430\u044e\u0442 <\/span><\/span><\/span><\/span><\/strong><\/h2>  <p class=\"30\" style=\"margin-right: 5.35pt; text-align: justify;\"><span style=\"font-family:Times New Roman,Times,serif;\"><span style=\"font-size:16px;\"><span style=\"background:transparent\"><span style=\"line-height:normal\"><span style=\"font-weight:normal\">-\u0441 \u0443\u0441\u0442\u0430\u043d\u043e\u0432\u043a\u0438 \u043b\u043e\u0442\u043a\u043e\u0432\u044b\u0445 \u043a\u0430\u043c\u043d\u0435\u0439. \u0431\u043e\u0440\u0434\u044e\u0440\u043e\u0432. \u0414\u043b\u044f \u0443\u0441\u0442\u0440\u043e\u0439\u0441\u0442\u0432\u0430 \u043b\u043e\u0442\u043a\u0430 \u0443\u043a\u043b\u0430\u0434\u044b\u0432\u0430\u044e\u0442 \u0434\u0432\u0430 \u0440\u044f\u0434\u0430 \u0431\u0440\u0443\u0441\u0447\u0430\u0442\u043a\u0438, \u0440\u0430\u0441\u043f\u043e\u043b\u0430\u0433\u0430\u044f \u0435\u0435 \u0434\u043b\u0438\u043d\u043d\u043e\u0439 \u0441\u0442\u043e\u0440\u043e\u043d\u043e\u0439 \u0432\u0434\u043e\u043b\u044c \u0431\u043e\u0440\u0442\u0430. \u0412\u0441\u0435 \u043e\u0441&shy;\u0442\u0430\u043b\u044c\u043d\u043e\u0435 \u043c\u043e\u0449\u0435\u043d\u0438\u0435 \u0432\u0435\u0434\u0443\u0442 \u043f\u043e\u043f\u0435\u0440\u0435\u0447\u043d\u044b\u043c\u0438 \u0440\u044f\u0434\u0430\u043c\u0438, \u0432 \u043a\u043e\u0442\u043e\u0440\u044b\u0445 \u043a\u0430\u043c\u043d\u0438 \u0440\u0430\u0441\u043f\u043e\u043b\u0430\u0433\u0430\u044e\u0442 \u0434\u043b\u0438\u043d\u043d\u043e\u0439 \u0441\u0442\u043e\u0440\u043e\u043d\u043e\u0439 \u043f\u043e\u043f\u0435\u0440\u0435\u043a \u043d\u0430\u043f\u0440\u0430\u0432\u043b\u0435\u043d\u0438\u044f \u0434\u0432\u0438\u0436\u0435\u043d\u0438\u044f. \u041b\u043e\u0442\u043a\u043e\u0432\u044b\u0435 \u043a\u0430\u043c\u043d\u0438 \u0443\u043a\u043b\u0430\u0434\u044b\u0432\u0430\u044e\u0442 \u043d\u0430 0,5&mdash; 1,5 \u0441\u043c \u043d\u0438\u0436\u0435 \u043f\u043e\u043f\u0435\u0440\u0435\u0447\u043d\u044b\u0445 \u0440\u044f\u0434\u043e\u0432. \u041e\u0441\u0442\u0430\u043b\u044c\u043d\u044b\u0435 \u0442\u0440\u0435\u0431\u043e\u0432\u0430\u043d\u0438\u044f, \u043a\u043e\u0442\u043e\u0440\u044b\u0435 \u0434\u043e\u043b\u0436\u043d\u044b \u0441\u043e\u0431\u043b\u044e\u0434\u0430\u0442\u044c\u0441\u044f \u043f\u0440\u0438 \u043c\u043e\u0449\u0435\u043d\u0438\u0438, \u0441\u0432\u043e\u0434\u044f\u0442\u0441\u044f \u043a \u0441\u043b\u0435\u0434\u0443\u044e\u0449\u0435\u043c\u0443: \u043d\u0435\u043e\u0431\u0445\u043e\u0434\u0438\u043c\u043e \u0441\u043e\u0431\u043b\u044e\u0434\u0430\u0442\u044c \u0441\u0442\u0440\u043e\u0433\u0443\u044e \u043f\u0440\u044f\u043c\u043e\u043b\u0438\u043d\u0435\u0439\u043d\u043e\u0441\u0442\u044c \u0440\u044f\u0434\u043e\u0432 \u0431\u0440\u0443\u0441\u0447\u0430\u0442\u043a\u0438, \u043e\u0431\u044f\u0437\u0430\u0442\u0435\u043b\u044c\u043d\u043e \u043f\u0435\u0440\u0435\u0432\u044f\u0437\u044b\u0432\u0430\u0442\u044c \u0448\u0432\u044b \u0432 \u0441\u043e\u0441\u0435\u0434\u043d\u0438\u0445 \u0440\u044f\u0434\u0430\u0445, \u0432 \u043f\u0440\u0435\u0434\u0435\u043b\u0430\u0445 \u043f\u043e\u043b\u043e\u0432\u0438\u043d\u044b \u0434\u043b\u0438\u043d\u044b \u0431\u0440\u0443\u0441\u0447\u0430\u0442\u043a\u0438; \u043a\u0430\u043c\u043d\u0438 \u0441\u043b\u0435\u0434\u0443\u0435\u0442 \u0443\u043a\u043b\u0430\u0434\u044b\u0432\u0430\u0442\u044c, \u0432\u043e\u0437\u043c\u043e\u0436\u043d\u043e, \u043f\u043b\u043e\u0442\u043d\u0435\u0435 \u0434\u0440\u0443\u0433 \u043a \u0434\u0440\u0443\u0433\u0443, \u0441 \u0442\u0435\u043c, \u0447\u0442\u043e\u0431\u044b \u0448\u0438\u0440\u0438\u043d\u0430 \u043f\u0440\u043e\u0434\u043e\u043b\u044c\u043d\u043e\u0433\u043e \u0448\u0432\u0430 \u043d\u0435 \u043f\u0440\u0435\u0432\u044b\u0448\u0430\u043b\u0430 1 \u0441\u043c. \u041c\u043e\u0449\u0435\u043d\u0438\u0435 \u043f\u0440\u043e\u0438\u0437\u0432\u043e\u0434\u044f\u0442 \u043a\u043e\u043c\u0431\u0438\u043d\u0438\u0440\u043e\u0432\u0430\u043d\u043d\u044b\u043c \u0438\u043d\u0441\u0442\u0440\u0443\u043c\u0435\u043d\u0442\u043e\u043c &mdash; \u0440\u0435\u0437\u0438\u043d\u043e\u0432\u044b\u043c \u043c\u043e\u043b\u043e\u0442\u043a\u043e\u043c, \u043a\u0435\u043b\u044c\u043c\u043e\u0439-\u043c\u043e\u043b\u043e\u0442\u043a\u043e\u043c.<\/span><\/span><\/span><\/span><\/span><\/p>  <p class=\"30\" style=\"margin-right: 5.35pt; text-align: justify;\"><span style=\"font-family:Times New Roman,Times,serif;\"><span style=\"font-size:16px;\"><span style=\"background:transparent\"><span style=\"line-height:normal\"><span style=\"font-weight:normal\"><a href=\"\/Ctati\/2018\/IMG_2959.jpg\"><img alt=\"\u0442\u0440\u043e\u0442\u0443\u0430\u0440\u043d\u0430\u044f \u043f\u043b\u0438\u0442\u043a\u0430 \u0425\u0430\u0440\u044c\u043a\u043e\u0432\" src=\"\/Ctati\/2018\/IMG_2959.jpg\" style=\"width: 450px; height: 338px;\" \/><\/a><\/span><\/span><\/span><\/span><\/span><\/p>  <h2 style=\"margin-right: 5.35pt; text-align: justify;\"><strong><span style=\"font-family:Times New Roman,Times,serif;\"><span style=\"font-size:16px;\">\u0422\u0440\u043e\u0442\u0443\u0430\u0440\u043d\u0443\u044e \u043f\u043b\u0438\u0442\u043a\u0443 \u0443\u043f\u043b\u043e\u0442\u043d\u044f\u044e\u0442<\/span><\/span><\/strong><\/h2>  <p style=\"margin-right: 5.35pt; text-align: justify;\"><span style=\"font-family:Times New Roman,Times,serif;\"><span style=\"font-size:16px;\">- \u043c\u0435\u0445\u0430\u043d\u0438\u0447\u0435\u0441\u043a\u0438\u043c\u0438 \u0438\u043b\u0438 \u0440\u0443\u0447\u043d\u044b\u043c\u0438 \u0442\u0440\u0430\u043c\u0431\u043e\u0432\u043a\u0430\u043c\u0438. <\/span><\/span><\/p>  <p style=\"margin-right: 5.35pt; text-align: justify;\"><span style=\"font-family:Times New Roman,Times,serif;\"><span style=\"font-size:16px;\">\u0421\u043b\u0435\u0434\u0443\u0435\u0442 \u043f\u043e\u043c\u043d\u0438\u0442\u044c \u0447\u0442\u043e \u0440\u0443\u0447\u043d\u043e\u0439 \u0441\u043f\u043e\u0441\u043e\u0431 \u043d\u0435 \u044d\u0444\u0444\u0435\u043a\u0442\u0438\u0432\u0435\u043d \u0438 \u0437\u0430\u0442\u0440\u0430\u0442\u044b \u0444\u0438\u0437\u0438\u0447\u0435\u0441\u043a\u043e\u0439 \u0441\u0438\u043b\u044b \u043d\u0435 \u043e\u043f\u0440\u0430\u0432\u0434\u0430\u043d\u043e \u0432\u044b\u0441\u043e\u043a\u0438. \u041f\u0440\u0438\u043c\u0435\u043d\u044f\u0435\u043c\u044b\u0435 \u0434\u043b\u044f \u0443\u043f\u043b\u043e\u0442\u043d\u0435\u043d\u0438\u044f \u043c\u0435\u0442\u0430\u043b\u043b\u0438\u0447\u0435\u0441\u043a\u0438\u0435 \u0442\u0440\u0430\u043c\u0431\u043e\u0432\u043a\u0438 \u0434\u043e\u043b\u0436\u043d\u044b \u0431\u044b\u0442\u044c \u043f\u0440\u044f\u043c\u043e\u0443\u0433\u043e\u043b\u044c\u043d\u043e\u0439 \u0444\u043e\u0440\u043c\u044b \u0434\u043b\u044f \u0442\u0440\u0430\u043c\u0431\u043e\u0432\u0430\u043d\u0438\u044f \u0442\u043e\u043b\u044c\u043a\u043e \u043e\u0434\u043d\u043e\u0433\u043e \u043a\u0430\u043c\u043d\u044f. \u0423\u043f\u043b\u043e\u0442&shy;\u043d\u0435\u043d\u0438\u044f \u0434\u043e\u0441\u0442\u0438\u0433\u0430\u044e\u0442 \u0437\u0430 2&mdash;3 \u043f\u0440\u043e\u0445\u043e\u0434\u0430 \u0442\u0440\u0430\u043c\u0431\u043e\u0432\u043a\u043e\u0439 \u043c\u0430\u0441\u0441\u043e\u0439 \u0434\u043e 30 \u043a\u0433. \u041f\u043e\u0441\u043b\u0435 \u0442\u0440\u0430\u043c\u0431\u043e\u0432\u0430\u043d\u0438\u044f \u0438\u0441\u043f\u0440\u0430\u0432\u043b\u044f\u044e\u0442 \u043f\u043e\u043b\u043e\u0436\u0435\u043d\u0438\u0435 \u043e\u0442\u0434\u0435\u043b\u044c\u043d\u044b\u0445 \u043f\u0440\u043e\u0441\u0435\u0432\u0448\u0438\u0445 \u043a\u0430\u043c\u043d\u0435\u0439. \u0428\u0432\u044b \u043c\u0435\u0436\u0434\u0443 \u043a\u0430\u043c\u043d\u044f\u043c\u0438 \u0437\u0430\u043f\u043e\u043b\u043d\u044f\u044e\u0442 \u043f\u0435\u0441\u043a\u043e\u043c, \u0446\u0435\u043c\u0435\u043d\u0442\u043d\u044b\u043c \u0440\u0430\u0441\u0442\u0432\u043e\u0440\u043e\u043c, \u0431\u0438\u0442\u0443\u043c\u043e\u043c \u0438\u043b\u0438 \u0441\u043c\u0435\u0441\u044c\u044e \u0431\u0438\u0442\u0443\u043c\u0430 \u0441 \u043c\u0438\u043d\u0435\u0440\u0430\u043b\u044c\u043d\u044b\u043c \u043f\u043e\u0440\u043e\u0448\u043a\u043e\u043c. \u041f\u0435\u0441\u043a\u043e\u043c \u0448\u0432\u044b \u0437\u0430\u043f\u043e\u043b\u043d\u044f\u044e\u0442 \u043f\u0435\u0440\u0435\u0434 \u043f\u043e\u0441\u043b\u0435\u0434\u043d\u0438\u043c \u043f\u0440\u043e\u0445\u043e\u0434\u043e\u043c \u0442\u0440\u0430\u043c\u0431\u043e\u0432\u043a\u043e\u0439. \u041f\u0435\u0441\u043e\u043a \u0440\u0430\u0441\u0441\u044b\u043f\u0430\u044e\u0442 \u043f\u043e \u043f\u043b\u0438\u0442\u043a\u0435 \u0438 \u043c\u0435\u0442\u043b\u0430\u043c\u0438 \u0437\u0430\u043c\u0435\u0442\u0430\u044e\u0442 \u0432 \u0448\u0432\u044b, \u043f\u0440\u0438\u0447\u0435\u043c \u043f\u0435\u0441\u043e\u043a \u0434\u043e\u043b\u0436\u0435\u043d \u0431\u044b\u0442\u044c \u0441\u0443\u0445\u0438\u043c. \u0418\u043d\u043e\u0433\u0434\u0430 \u0434\u043b\u044f \u044d\u0442\u043e\u0433\u043e \u043f\u0440\u0438\u043c\u0435\u043d\u044f\u044e\u0442 \u0433\u043e\u0440\u044f\u0447\u0438\u0439 \u043f\u0435\u0441\u043e\u043a, \u043f\u0440\u043e\u0441\u0443\u0448\u0435\u043d\u043d\u044b\u0439 \u0432 \u0441\u0443\u0448\u0438\u043b\u044c\u043d\u044b\u0445 \u0431\u0430\u0440\u0430\u0431\u0430\u043d\u0430\u0445.<\/span><\/span><\/p>  <h3 style=\"margin-right: 5.35pt; text-align: justify;\"><strong><font face=\"Times New Roman, Times, serif\"><span style=\"font-size: 16px;\">\u0417\u0430\u043f\u043e\u043b\u043d\u0435\u043d\u0438\u0435 \u0448\u0432\u043e\u0432<\/span><\/font><\/strong><\/h3>  <p style=\"margin-right: 5.35pt; text-align: justify;\"><span style=\"font-family:Times New Roman,Times,serif;\"><span style=\"font-size:16px;\">\u041f\u043e\u0441\u043b\u0435 \u043e\u043a\u043e\u043d\u0447\u0430\u0442\u0435\u043b\u044c\u043d\u043e\u0433\u043e \u0443\u043f\u043b\u043e\u0442\u043d\u0435\u043d\u0438\u044f \u043f\u043e\u043a\u0440\u044b\u0442\u0438\u044f \u0448\u0432\u044b \u0437\u0430&shy;\u043f\u043e\u043b\u043d\u044f\u044e\u0442 \u0446\u0435\u043c\u0435\u043d\u0442\u043d\u044b\u043c \u0440\u0430\u0441\u0442\u0432\u043e\u0440\u043e\u043c \u0438 \u0431\u0438\u0442\u0443\u043c\u043d\u043e\u0439 \u0441\u043c\u0435\u0441\u044c\u044e. \u041f\u0440\u0438&shy;\u043c\u0435\u043d\u044f\u044e\u0442 \u0441\u0443\u0445\u0443\u044e \u0433\u0430\u0440\u0446\u043e\u0432\u043a\u0443 - \u0440\u0430\u0441\u0442\u0432\u043e\u0440 \u0441\u043e\u0441\u0442\u0430\u0432\u0430 1:4 - 1:12(\u043e\u0434\u043d\u0430 \u0447\u0430\u0441\u0442\u044c \u0446\u0435\u043c\u0435\u043d\u0442\u0430 \u0438 \u0447\u0435\u0442\u044b\u0440\u0435-\u0434\u0432\u0435\u043d\u0430\u0434\u0446\u0430\u0442\u044c \u0447\u0430\u0441\u0442\u0438 \u043f\u0435\u0441\u043a\u0430, \u0432\u0441\u0435 \u0437\u0430\u0432\u0438\u0441\u0438\u0442 \u043e\u0442 \u043a\u043e\u043d\u043a\u0440\u0435\u0442\u043d\u044b\u0445 \u0443\u0441\u043b\u043e\u0432\u0438\u0439), \u0434\u043e\u0441\u0442\u0430\u0442\u043e\u0447\u043d\u043e \u0441\u0443\u0445\u0443\u044e \u0434\u043b\u044f \u0442\u043e\u0433\u043e, \u0447\u0442\u043e\u0431\u044b \u043e\u043d\u0430 \u0445\u043e\u0440\u043e\u0448\u043e \u0437\u0430\u043f\u043e\u043b\u043d\u0438\u043b\u0430 \u0432\u0441\u0435 \u0448\u043e\u0432\u044b. \u0416\u0435\u043b\u0430\u0442\u0435\u043b\u044c\u043d\u043e \u043f\u0440\u0438\u043c\u0435\u043d\u044f\u0442\u044c \u0431\u044b\u0441\u0442\u0440\u043e\u0442\u0432\u0435\u0440\u0434\u0435\u044e\u0449\u0438\u0439 \u0446\u0435\u043c\u0435\u043d\u0442, \u0441 \u0442\u0435\u043c, \u0447\u0442\u043e\u0431\u044b \u0447\u0435\u0440\u0435\u0437 8&mdash;10 \u0447 \u043f\u043e\u0441\u043b\u0435 \u0437\u0430\u043f\u043e\u043b\u043d\u0435\u043d\u0438\u044f \u0448\u0432\u043e\u0432 \u043c\u043e\u0436\u043d\u043e \u0431\u044b\u043b\u043e \u043e\u0442\u043a\u0440\u044b\u0442\u044c \u0434\u0432\u0438\u0436\u0435\u043d\u0438\u0435. \u0421 \u0442\u0435\u0447\u0435\u043d\u0438\u0435\u043c \u0432\u0440\u0435\u043c\u0435\u043d\u0438 \u0442\u0430\u043a\u0430\u044f \u0441\u043c\u0435\u0441\u044c \u0437\u0430 \u0441\u0447\u0435\u0442 \u043d\u0435\u0438\u0437\u0431\u0435\u0436\u043d\u043e \u043f\u043e\u043f\u0430\u0434\u0430\u044e\u0449\u0435\u0439 \u0442\u0443\u0434\u0430 \u0432\u043b\u0430\u0433\u0438 \u043f\u0440\u0438\u043e\u0431\u0440\u0435\u0442\u0430\u0435\u0442 \u043d\u0435\u043e\u0431\u0445\u043e\u0434\u0438\u043c\u0443\u044e \u043f\u0440\u043e\u0447\u043d\u043e\u0441\u0442\u044c. \u0418\u043d\u043e\u0433\u0434\u0430 \u0438\u0441\u043f\u043e\u043b\u044c\u0437\u0443\u044e\u0442 \u0438 \u0436\u0438\u0434\u043a\u0438\u0439 \u0440\u0430\u0441\u0442\u0432\u043e\u0440, \u043f\u0440\u0430\u0432\u0434\u0430 \u0432 \u043e\u0441\u043e\u0431\u044b\u0445 \u0441\u043b\u0443\u0447\u0430\u044f\u0445, \u0435\u0441\u043b\u0438 \u044d\u0442\u043e \u0442\u0440\u0435\u0431\u0443\u044e\u0442 \u043e\u0431\u0441\u0442\u043e\u044f\u0442\u0435\u043b\u044c\u0441\u0442\u0432\u0430. \u0422\u0430\u043a\u0436\u0435 \u043f\u0440\u0438\u043c\u0435\u043d\u044f\u044e\u0442 \u0441\u043c\u0435\u0441\u044c \u0431\u0438\u0442\u0443\u043c\u0430 \u0441 \u043c\u0438\u043d\u0435\u0440\u0430\u043b\u044c\u043d\u044b\u043c \u043f\u043e\u0440\u043e\u0448\u043a\u043e\u043c (\u0438\u0437\u0432\u0435\u0441\u0442\u043d\u044f\u043a\u043e\u0432\u044b\u043c) \u0441\u043e\u0434\u0435\u0440\u0436\u0438\u0442 20&mdash;30% \u0431\u0438\u0442\u0443\u043c\u0430 \u0411\u041d\u0414-60\/90 \u0438 70&mdash;80% \u043f\u043e\u0440\u043e\u0448\u043a\u0430. \u0421\u043c\u0435\u0441\u044c \u043f\u0440\u0438\u043c\u0435\u043d\u044f\u044e\u0442 \u0432 \u0433\u043e\u0440\u044f\u0447\u0435\u043c \u0432\u0438\u0434\u0435 (\u043f\u0440\u0438 \u0442\u0435\u043c\u043f\u0435\u0440\u0430\u0442\u0443\u0440\u0435 160&mdash; 170&deg; \u0421).<\/span><\/span><\/p>  <p style=\"margin-right: 5.35pt; text-align: justify;\"><span style=\"font-family:Times New Roman,Times,serif;\"><span style=\"font-size:16px;\">\u0418\u043d\u043e\u0433\u0434\u0430 \u0448\u0432\u044b \u0437\u0430\u043f\u043e\u043b\u043d\u044f\u044e\u0442 \u0447\u0438\u0441\u0442\u044b\u043c \u0433\u043e\u0440\u044f\u0447\u0438\u043c \u0431\u0438\u0442\u0443\u043c\u043e\u043c \u0442\u043e\u0439 \u0436\u0435 \u043c\u0430\u0440\u043a\u0438. \u0420\u0435\u0437\u0443\u043b\u044c\u0442\u0430\u0442\u044b \u043f\u043e\u043b\u0443\u0447\u0430\u044e\u0442\u0441\u044f \u0445\u0443\u0436\u0435, \u0447\u0435\u043c \u043f\u0440\u0438 \u0437\u0430\u043f\u043e\u043b\u043d\u0435\u043d\u0438\u0438 \u0441\u043c\u0435\u0441\u044c\u044e \u0431\u0438\u0442\u0443\u043c\u0430 \u0441 \u043c\u0438\u043d\u0435\u0440\u0430\u043b\u044c\u043d\u044b\u043c \u043f\u043e\u0440\u043e\u0448\u043a\u043e\u043c. \u0411\u0438\u0442\u0443\u043c\u043e\u043c \u0438\u043b\u0438 \u0431\u0438\u0442\u0443\u043c\u043d\u043e\u0439 \u0441\u043c\u0435\u0441\u044c\u044e \u0448\u0432\u044b \u0437\u0430\u043f\u043e\u043b\u043d\u044f\u044e\u0442 \u0442\u043e\u043b\u044c\u043a\u043e \u0432 \u0441\u0443\u0445\u0443\u044e \u043f\u043e\u0433\u043e\u0434\u0443. \u041f\u0440\u0438 \u044d\u0442\u043e\u043c \u0448\u0432\u044b \u0441\u043b\u0435\u0434\u0443\u0435\u0442 \u043f\u0440\u0435\u0434\u0432\u0430\u0440\u0438\u0442\u0435\u043b\u044c\u043d\u043e \u043e\u0447\u0438\u0441\u0442\u0438\u0442\u044c \u043e\u0442 \u043f\u044b\u043b\u0438 \u0438 \u0433\u0440\u044f\u0437\u0438, \u0441 \u0442\u0435\u043c, \u0447\u0442\u043e\u0431\u044b \u043e\u0431\u0435\u0441\u043f\u0435\u0447\u0438\u0442\u044c \u0441\u0446\u0435\u043f&shy;\u043b\u0435\u043d\u0438\u0435 \u0431\u0438\u0442\u0443\u043c\u0430 \u0441 \u043a\u0430\u043c\u043d\u0435\u043c. \u041d\u0430\u0438\u043b\u0443\u0447\u0448\u0438\u0435 \u0440\u0435\u0437\u0443\u043b\u044c\u0442\u0430\u0442\u044b \u0434\u0430\u0435\u0442 \u043f\u0440\u043e\u0434\u0443\u0432\u043a\u0430 \u0448\u0432\u043e\u0432 \u0441\u0442\u0440\u0443\u0435\u0439 \u0441\u0436\u0430\u0442\u043e\u0433\u043e \u0432\u043e\u0437\u0434\u0443\u0445\u0430. \u0417\u0430\u043f\u043e\u043b\u043d\u0435\u043d\u0438\u0435 \u0448\u0432\u043e\u0432 \u0446\u0435\u043c\u0435\u043d\u0442\u043d\u044b\u043c \u0440\u0430\u0441\u0442\u0432\u043e\u0440\u043e\u043c, \u0431\u0438\u0442\u0443\u043c\u043e\u043c \u0438\u043b\u0438 \u0431\u0438\u0442\u0443\u043c\u043d\u043e\u0439 \u0441\u043c\u0435\u0441\u044c\u044e \u043f\u0440\u0435\u0434\u043e\u0445\u0440\u0430\u043d\u044f\u0435\u0442 \u043e\u0442 \u043f\u043e\u043f\u0430\u0434\u0430\u043d\u0438\u044f \u0432\u043b\u0430\u0433\u0438 \u0438 \u0441\u043f\u043e\u0441\u043e\u0431\u0441\u0442\u0432\u0443\u0435\u0442 \u0441\u043e\u0445\u0440\u0430\u043d\u0435\u043d\u0438\u044e \u0440\u043e\u0432\u043d\u043e\u0441\u0442\u0438 \u0438 \u0434\u043e\u043b\u0433\u043e\u0432\u0435\u0447\u043d\u043e\u0441\u0442\u0438 \u043f\u043e\u043a\u0440\u044b\u0442\u0438\u044f \u0438\u0437 \u043a\u0430\u043c\u0435\u043d\u043d\u043e\u0433\u043e \u043c\u0430\u0442\u0435\u0440\u0438\u0430\u043b\u0430. \u0417\u0430\u043f\u043e\u043b\u043d\u0435\u043d\u0438\u0435 \u0448\u0432\u043e\u0432 \u043f\u0435\u0441\u043a\u043e\u043c \u043d\u0435\u0440\u0430\u0446\u0438\u043e\u043d\u0430\u043b\u044c\u043d\u043e, \u0442\u0430\u043a \u043a\u0430\u043a \u043f\u043e\u043f\u0430\u0434\u0430\u044e\u0449\u0430\u044f \u0447\u0435\u0440\u0435\u0437 \u0448\u0432\u044b \u0432\u043e\u0434\u0430 \u043d\u0430\u0441\u044b\u0449\u0430\u0435\u0442 \u043f\u0435\u0441\u0447\u0430\u043d\u043e\u0435 \u043e\u0441\u043d\u043e\u0432\u0430\u043d\u0438\u0435, \u0430 \u0438\u043d\u043e\u0433\u0434\u0430 \u0438 \u0432\u044b\u043c\u044b\u0432\u0430\u0435\u0442 \u043f\u0435\u0441\u043e\u043a, \u0447\u0442\u043e \u043c\u043e\u0436\u0435\u0442 \u043f\u0440\u0438\u0432\u0435\u0441\u0442\u0438 \u043a \u0440\u0430\u0437\u0440\u0443\u0448\u0435\u043d\u0438\u044e \u043f\u043e\u043a\u0440\u044b\u0442\u0438\u044f.<\/span><\/span><\/p>  <p class=\"60\" style=\"margin-right: 5.35pt; text-align: justify;\"><span style=\"font-family:Times New Roman,Times,serif;\"><span style=\"font-size:16px;\"><span style=\"background:transparent\"><span style=\"line-height:normal\">\u0418\u043d\u043e\u0433\u0434\u0430 \u0434\u043b\u044f \u0443\u0441\u0442\u0440\u043e\u0439\u0441\u0442\u0432\u0430 \u0442\u0440\u043e\u0442\u0443\u0430\u0440\u043e\u0432 \u043f\u0440\u0438\u043c\u0435\u043d\u044f\u044e\u0442 \u043b\u0438\u0442\u0443\u044e \u0448\u043b\u0430\u043a\u043e\u0432\u0443\u044e \u0431\u0440\u0443\u0441\u0447\u0430\u0442\u043a\u0443, \u043f\u043e\u043b\u0443\u0447\u0430\u0435\u043c\u0443\u044e \u0438\u0437 \u043e\u0433\u043d\u0435\u043d\u043d\u043e-\u0436\u0438\u0434\u043a\u0438\u0445 \u0448\u043b\u0430\u043a\u043e\u0432. \u0422\u0440\u043e\u0442\u0443\u0430\u0440\u044b \u0438\u0437 \u0448\u043b\u0430\u043a\u043e\u0432\u043e\u0439 \u0431\u0440\u0443\u0441\u0447\u0430\u0442\u043a\u0438 \u0443\u0441\u0442\u0440\u0430\u0438\u0432\u0430\u044e\u0442 \u043f\u043e \u0442\u0435\u043c \u0436\u0435 \u043f\u0440\u0430\u0432\u0438\u043b\u0430\u043c, \u0447\u0442\u043e \u0438 \u043f\u043e\u043a\u0440\u044b\u0442\u0438\u044f \u0438\u0437 \u043a\u0430\u043c\u0435\u043d\u043d\u043e\u0439 \u0438 \u0431\u0435\u0442\u043e\u043d\u043d\u043e\u0439 \u0431\u0440\u0443\u0441\u0447\u0430\u0442\u043a\u0438.<\/span><\/span><\/span><\/span><\/p>  <p class=\"60\" style=\"margin-right: 5.35pt; text-align: justify;\"><span style=\"font-family:Times New Roman,Times,serif;\"><span style=\"font-size:16px;\"><span style=\"background:transparent\"><span style=\"line-height:normal\">\u042d\u0442\u043e \u0442\u043e\u043b\u044c\u043a\u043e \u0447\u0430\u0441\u0442\u044c \u043f\u0440\u0430\u0432\u0438\u043b \u043f\u043e \u043c\u043e\u0449\u0435\u043d\u0438\u044e, \u0435\u0441\u0442\u044c \u043e\u0442\u0434\u0435\u043b\u044c\u043d\u044b\u0435 \u043f\u043e \u0443\u0441\u0442\u0440\u043e\u0439\u0441\u0442\u0432\u0443 \u043e\u0441\u043d\u043e\u0432\u0430\u043d\u0438\u044f, \u0434\u043e\u0440\u043e\u0436\u043d\u043e\u0439 \u043e\u0434\u0435\u0436\u0434\u044b \u0432 \u0446\u0435\u043b\u043e\u043c. <\/span><\/span><\/span><\/span><\/p>  <p class=\"60\" style=\"margin-right: 5.35pt; text-align: justify;\"><span style=\"font-family:Times New Roman,Times,serif;\"><span style=\"font-size:16px;\"><span style=\"background:transparent\"><span style=\"line-height:normal\">\u0412 \u0441\u043b\u0435\u0434\u0443\u044e\u0449\u0435\u0439 \u0441\u0442\u0430\u0442\u044c\u0435 \u043c\u044b \u0440\u0430\u0441\u0441\u043a\u0430\u0436\u0435\u043c \u043e \u0446\u0435\u043d\u0430\u0445 \u043d\u0430 \u0442\u0440\u043e\u0442\u0443\u0430\u0440\u043d\u0443\u044e \u043f\u043b\u0438\u0442\u043a\u0443 \u0438 \u043a\u0430\u043a \u043e\u043d\u0438 \u0438\u0437\u043c\u0435\u043d\u044f\u043b\u0438\u0441\u044c \u0441 \u0442\u0435\u0447\u0435\u043d\u0438\u0435\u043c \u0432\u0440\u0435\u043c\u0435\u043d\u0438. <\/span><\/span><\/span><\/span><\/p>  <h3 style=\"text-align: justify;\"><span style=\"font-size:16px;\"><span style=\"font-family:&quot;Arial Unicode MS&quot;,&quot;sans-serif&quot;\"><span style=\"color:black\"><span style=\"font-family:Times New Roman,Times,serif;\"><strong>\u0410\u043a\u0442\u0443\u0430\u043b\u044c\u043d\u044b\u0435 \u0446\u0435\u043d\u044b \u043d\u0430 \u0440\u0430\u0431\u043e\u0442\u0443 \u043f\u043e \u0443\u043a\u043b\u0430\u0434\u043a\u0435 \u0442\u0440\u043e\u0442\u0443\u0430\u0440\u043d\u043e\u0439 \u043f\u043b\u0438\u0442\u043a\u0438 \u0441\u043c\u043e\u0442\u0440\u0438\u0442\u0435 \u043d\u0430<\/strong> <\/span><a href=\"http:\/\/plita.kh.ua\/index\/ceny\/0-9\" target=\"_blank\">http:\/\/plita.kh.ua\/index\/ceny\/0-9<\/a><\/span><\/span><\/span><\/h3> <\/div>"
}