{
    "excerpt": "<img src=\"\/HaIIIu\/Klever2.jpg\" alt=\"klever\" width=\"650\" height=\"500\">",
    "url": "http:\/\/plita.kh.ua\/load\/nashi_raboty\/klever\/2-1-0-29",
    "title": "\u041a\u043b\u0435\u0432\u0435\u0440 (\u0444\u0438\u0440\u043c\u044b \u0412\u0438\u0432\u0430\u0442) - \u041d\u0430\u0448\u0438 \u0440\u0430\u0431\u043e\u0442\u044b  - \u041d\u0430\u0448\u0438 \u0440\u0430\u0431\u043e\u0442\u044b - \u0423\u043a\u043b\u0430\u0434\u043a\u0430 \u0442\u0440\u043e\u0442\u0443\u0430\u0440\u043d\u043e\u0439 \u043f\u043b\u0438\u0442\u043a\u0438 \u0425\u0430\u0440\u044c\u043a\u043e\u0432 \u0446\u0435\u043d\u0430",
    "display_name": "\u041a\u043b\u0435\u0432\u0435\u0440 (\u0444\u0438\u0440\u043c\u044b \u0412\u0438\u0432\u0430\u0442)",
    "date": "29 \u042f\u043d\u0432\u0430\u0440\u044f 2010",
    "content": "(<p><img src=\"\/HaIIIu\/Klever1.jpg\" alt=\"klever\" width=\"650\" height=\"500\"><\/p><p><img src=\"\/HaIIIu\/Klever2.jpg\" alt=\"klever\" width=\"650\" height=\"500\"><\/p><p><\/p><p><img src=\"\/HaIIIu\/Klever3.jpg\" alt=\"klever\" width=\"650\" height=\"500\"><\/p>"
}