{
    "excerpt": "<img src=\"\/HaIIIu\/DSC00017.jpg\" alt=\"\u0441\u0442\u0430\u0440\u044b\u0439 \u0433\u043e\u0440\u043e\u0434\" width=\"650\" height=\"500\">",
    "url": "http:\/\/plita.kh.ua\/load\/nashi_raboty\/staryj_gorod_vivat_2_cveta\/2-1-0-51",
    "title": "\u0421\u0442\u0430\u0440\u044b\u0439 \u0433\u043e\u0440\u043e\u0434 (\u0412\u0438\u0432\u0430\u0442) 2 \u0446\u0432\u0435\u0442\u0430 - \u041d\u0430\u0448\u0438 \u0440\u0430\u0431\u043e\u0442\u044b  - \u041d\u0430\u0448\u0438 \u0440\u0430\u0431\u043e\u0442\u044b - \u0423\u043a\u043b\u0430\u0434\u043a\u0430 \u0442\u0440\u043e\u0442\u0443\u0430\u0440\u043d\u043e\u0439 \u043f\u043b\u0438\u0442\u043a\u0438 \u0425\u0430\u0440\u044c\u043a\u043e\u0432 \u0446\u0435\u043d\u0430",
    "display_name": "\u0421\u0442\u0430\u0440\u044b\u0439 \u0433\u043e\u0440\u043e\u0434 (\u0412\u0438\u0432\u0430\u0442) 2 \u0446\u0432\u0435\u0442\u0430",
    "date": "28 \u041d\u043e\u044f\u0431\u0440\u044f 2011",
    "content": "<div align=\"center\"><img src=\"\/HaIIIu\/DSC00018.jpg\" alt=\"\u0441\u0442\u0430\u0440\u044b\u0439\" width=\"650\" height=\"500\"><\/div><div align=\"center\"><br><\/div><div align=\"center\"><img src=\"\/HaIIIu\/DSC00025.jpg\" alt=\"\" width=\"650\" height=\"500\"><\/div><div align=\"center\"><br><\/div><div align=\"center\"><img src=\"\/HaIIIu\/DSC00020.jpg\" alt=\"\" width=\"650\" height=\"500\"><\/div><div align=\"center\"><br><\/div><div align=\"center\"><img src=\"\/HaIIIu\/DSC00023.jpg\" alt=\"\" width=\"650\" height=\"500\"><\/div>"
}