{
    "excerpt": "<img src=\"\/HaIIIu\/004.jpg\" alt=\"null\" width=\"650\" height=\"500\">",
    "url": "http:\/\/plita.kh.ua\/load\/nashi_raboty\/30_30\/2-1-0-31",
    "title": "30\/30 (\u0444\u0438\u0440\u043c\u044b \u0411\u0435\u043b\u0425\u0430\u0440) - \u041d\u0430\u0448\u0438 \u0440\u0430\u0431\u043e\u0442\u044b  - \u041d\u0430\u0448\u0438 \u0440\u0430\u0431\u043e\u0442\u044b - \u0423\u043a\u043b\u0430\u0434\u043a\u0430 \u0442\u0440\u043e\u0442\u0443\u0430\u0440\u043d\u043e\u0439 \u043f\u043b\u0438\u0442\u043a\u0438 \u0425\u0430\u0440\u044c\u043a\u043e\u0432 \u0446\u0435\u043d\u0430",
    "display_name": "30\/30 (\u0444\u0438\u0440\u043c\u044b \u0411\u0435\u043b\u0425\u0430\u0440)",
    "date": "29 \u041c\u0430\u0440\u0442\u0430 2010",
    "content": "<p><img src=\"\/HaIIIu\/004.jpg\" alt=\"null\" width=\"650\" height=\"500\"><\/p><p><img src=\"\/HaIIIu\/002.jpg\" alt=\"null\" width=\"650\" height=\"500\"><\/p><p><img src=\"\/HaIIIu\/008.jpg\" alt=\"null\" width=\"650\" height=\"500\"><\/p><p><\/p>"
}