{
    "excerpt": "<p style=\"text-align: center;\"><a href=\"http:\/\/plita.at.ua\/index\/ceny\/0-9\" target=\"_blank\"><img alt=\"\u0440\u0435\u0442\u0440\u043e \u0442\u0440\u043e\u0442\u0443\u0430\u0440\u043d\u0430\u044f \u043f\u043b\u0438\u0442\u043a\u0430 \u0425\u0430\u0440\u044c\u043a\u043e\u0432\" src=\"\/HaIIIu\/2015\/retro_trotuarnaja_plitka.jpg\" style=\"width: 650px; height: 488px;\" \/><\/a><\/p>  <p style=\"text-align: center;\">&nbsp;<\/p>",
    "url": "http:\/\/plita.kh.ua\/load\/nashi_raboty\/retro_vibrolite_firma_brukkhaus_89_m2\/2-1-0-120",
    "title": "\u0420\u0435\u0442\u0440\u043e - \u0432\u0438\u0431\u0440\u043e\u043b\u0438\u0442\u044c\u0435 (\u0444\u0438\u0440\u043c\u0430 \u0411\u0440\u0443\u043a\u0445\u0430\u0443\u0441) 89 \u043c2 - \u041d\u0430\u0448\u0438 \u0440\u0430\u0431\u043e\u0442\u044b  - \u041d\u0430\u0448\u0438 \u0440\u0430\u0431\u043e\u0442\u044b - \u0423\u043a\u043b\u0430\u0434\u043a\u0430 \u0442\u0440\u043e\u0442\u0443\u0430\u0440\u043d\u043e\u0439 \u043f\u043b\u0438\u0442\u043a\u0438 \u0425\u0430\u0440\u044c\u043a\u043e\u0432 \u0446\u0435\u043d\u0430",
    "display_name": "\u0420\u0435\u0442\u0440\u043e - \u0432\u0438\u0431\u0440\u043e\u043b\u0438\u0442\u044c\u0435 (\u0444\u0438\u0440\u043c\u0430 \u0411\u0440\u0443\u043a\u0445\u0430\u0443\u0441) 89 \u043c2",
    "date": "27 \u042f\u043d\u0432\u0430\u0440\u044f 2016",
    "content": "<p style=\"text-align: center;\"><img alt=\"\u0420\u044d\u0442\u0440\u043e \u0443\u043a\u043b\u0430\u0434\u043a\u0430 \u043f\u043b\u0438\u0442\u043a\u0438\" src=\"\/HaIIIu\/2015\/retro_brukkhaus_ukladka.jpg\" style=\"width: 650px; height: 488px;\" \/><\/p>  <p style=\"text-align: center;\"><img alt=\"\u0431\u0440\u0443\u0441\u0447\u0430\u0442\u043a\u0430 \u0420\u0435\u0442\u0440\u043e\" src=\"\/HaIIIu\/2015\/ukladka_trotuarnoj_plitki_kharkov_plitehks_2015.jpg\" style=\"width: 650px; height: 488px;\" \/><\/p>  <p style=\"text-align: center;\"><a href=\"http:\/\/plita.at.ua\/index\/ceny\/0-9\" style=\"line-height: 16.64px; text-align: center;\" target=\"_blank\"><img alt=\"\u0431\u0440\u0443\u0441\u0447\u0430\u0442\u043a\u0430 \u0420\u0435\u0442\u0440\u043e \u0443\u043a\u043b\u0430\u0434\u043a\u0430 \" src=\"\/HaIIIu\/2015\/ukladka_plitki_retro_plitehks.jpg\" style=\"width: 650px; height: 488px;\" \/><\/a><\/p>  <p style=\"text-align: center;\"> <script><\/script> <\/p>"
}