{
    "excerpt": "<p style=\"text-align: center;\"><a href=\"http:\/\/plita.at.ua\/load\/nashi_raboty\/staryj_gorod_170_m2_jarko_zheltyj_vostochnyj\/2-1-0-143\" target=\"_blank\"><img alt=\"\u0441\u0442\u0430\u0440\u044b\u0439 \u0433\u043e\u0440\u043e\u0434 \u0436\u0435\u043b\u0442\u044b\u0439\" src=\"\/HaIIIu\/2016\/ukladka_zheltoj_plitki.jpg\" style=\"width: 650px; height: 488px;\" \/><\/a><\/p>",
    "url": "http:\/\/plita.kh.ua\/load\/nashi_raboty\/staryj_gorod_170_m2_jarko_zheltyj_vostochnyj\/2-1-0-143",
    "title": "\u0421\u0442\u0430\u0440\u044b\u0439 \u0433\u043e\u0440\u043e\u0434 - 170 \u043c2 (\u042f\u0440\u043a\u043e \u0416\u0435\u043b\u0442\u044b\u0439) \u0412\u043e\u0441\u0442\u043e\u0447\u043d\u044b\u0439 - \u041d\u0430\u0448\u0438 \u0440\u0430\u0431\u043e\u0442\u044b  - \u041d\u0430\u0448\u0438 \u0440\u0430\u0431\u043e\u0442\u044b - \u0423\u043a\u043b\u0430\u0434\u043a\u0430 \u0442\u0440\u043e\u0442\u0443\u0430\u0440\u043d\u043e\u0439 \u043f\u043b\u0438\u0442\u043a\u0438 \u0425\u0430\u0440\u044c\u043a\u043e\u0432 \u0446\u0435\u043d\u0430",
    "display_name": "\u0421\u0442\u0430\u0440\u044b\u0439 \u0433\u043e\u0440\u043e\u0434 - 170 \u043c2 (\u042f\u0440\u043a\u043e \u0416\u0435\u043b\u0442\u044b\u0439) \u0412\u043e\u0441\u0442\u043e\u0447\u043d\u044b\u0439",
    "date": "20 \u0414\u0435\u043a\u0430\u0431\u0440\u044f 2016",
    "content": "<p style=\"text-align: center;\"><a href=\"\/HaIIIu\/2016\/ukladka_plitki_vostochnyj_plitehks.jpg\" target=\"_blank\"><img alt=\"\u0443\u043a\u043b\u0430\u0434\u043a\u0430 \u0436\u0435\u043b\u0442\u043e\u0433\u043e \u0441\u0442\u0430\u0440\u043e\u0433\u043e \u0433\u043e\u0440\u0430\u0434\u0430\" src=\"\/HaIIIu\/2016\/ukladka_plitki_vostochnyj_plitehks.jpg\" style=\"width: 650px; height: 488px;\" \/><\/a><\/p>  <p style=\"text-align: center;\"><a href=\"\/HaIIIu\/2016\/staryj_gorod_zheltyj_jarkij.jpg\" target=\"_blank\"><img alt=\"\u044f\u0440\u043a\u043e \u0436\u0435\u043b\u0442\u044b\u0439 \u0441\u0442\u0430\u0440\u044b\u0439 \u0433\u043e\u0440\u043e\u0434\" src=\"\/HaIIIu\/2016\/staryj_gorod_zheltyj_jarkij.jpg\" style=\"width: 650px; height: 488px;\" \/><\/a><a href=\"\/HaIIIu\/2016\/plitka_staryj_gorod_zheltaja.jpg\" target=\"_blank\"><img alt=\"\u043c\u044b\u0442\u044b\u0439 \u0441\u0442\u0430\u0440\u044b\u0439 \u0433\u043e\u0440\u043e\u0434 \u0436\u0435\u043b\u0442\u044b\u0439\" src=\"\/HaIIIu\/2016\/plitka_staryj_gorod_zheltaja.jpg\" style=\"width: 650px; height: 488px;\" \/><\/a><\/p>"
}