{
    "excerpt": "<div align=\"left\"><img src=\"\/HaIIIu\/DSC00013.jpg\" alt=\"\u041b\u044c\u0432\u043e\u0432\u0441\u043a\u0438\u0439 \u043a\u0430\u043c\u0435\u043d\u044c\" width=\"650\" height=\"500\"><\/div>",
    "url": "http:\/\/plita.kh.ua\/load\/nashi_raboty\/lvovskij_kamen\/2-1-0-50",
    "title": "\u041b\u044c\u0432\u043e\u0432\u0441\u043a\u0438\u0439 \u043a\u0430\u043c\u0435\u043d\u044c - \u041d\u0430\u0448\u0438 \u0440\u0430\u0431\u043e\u0442\u044b  - \u041d\u0430\u0448\u0438 \u0440\u0430\u0431\u043e\u0442\u044b - \u0423\u043a\u043b\u0430\u0434\u043a\u0430 \u0442\u0440\u043e\u0442\u0443\u0430\u0440\u043d\u043e\u0439 \u043f\u043b\u0438\u0442\u043a\u0438 \u0425\u0430\u0440\u044c\u043a\u043e\u0432 \u0446\u0435\u043d\u0430",
    "display_name": "\u041b\u044c\u0432\u043e\u0432\u0441\u043a\u0438\u0439 \u043a\u0430\u043c\u0435\u043d\u044c",
    "date": "27 \u041d\u043e\u044f\u0431\u0440\u044f 2011",
    "content": "<div align=\"center\"><img src=\"\/HaIIIu\/DSC00009.jpg\" alt=\"\" width=\"650\" height=\"500\"><\/div><div align=\"center\"><img src=\"\/HaIIIu\/DSC00004.jpg\" alt=\"\" width=\"650\" height=\"500\"><\/div><div align=\"center\"><img src=\"\/HaIIIu\/DSC00007.jpg\" alt=\"\" width=\"650\" height=\"500\"><\/div>"
}