{
    "excerpt": "<p><img src=\"\/HaIIIu\/036.jpg\" alt=\"null\" width=\"650\" height=\"500\"><\/p><p><span style=\"font-size: 14pt\"><\/span><\/p>",
    "url": "http:\/\/plita.kh.ua\/load\/nashi_raboty\/antik\/2-1-0-1",
    "title": "\u0410\u041d\u0422\u0418\u041a - \u041d\u0430\u0448\u0438 \u0440\u0430\u0431\u043e\u0442\u044b  - \u041d\u0430\u0448\u0438 \u0440\u0430\u0431\u043e\u0442\u044b - \u0423\u043a\u043b\u0430\u0434\u043a\u0430 \u0442\u0440\u043e\u0442\u0443\u0430\u0440\u043d\u043e\u0439 \u043f\u043b\u0438\u0442\u043a\u0438 \u0425\u0430\u0440\u044c\u043a\u043e\u0432 \u0446\u0435\u043d\u0430",
    "display_name": "\u0410\u041d\u0422\u0418\u041a",
    "date": "28 \u042f\u043d\u0432\u0430\u0440\u044f 2010",
    "content": "<p><img src=\"\/HaIIIu\/036.jpg\" alt=\"null\" width=\"650\" height=\"500\"><\/p><p><img src=\"\/HaIIIu\/035.jpg\" alt=\"null\" width=\"650\" height=\"500\"><\/p><p>\u0430\u043d\u0442\u0438\u043a<\/p>"
}