{
    "excerpt": "<img src=\"\/HaIIIu\/32.jpg\" alt=\"null\" width=\"650\" height=\"500\"><p><\/p>",
    "url": "http:\/\/plita.kh.ua\/load\/nashi_raboty\/bikini\/2-1-0-28",
    "title": "\u0411\u0438\u043a\u0438\u043d\u0438 - \u041d\u0430\u0448\u0438 \u0440\u0430\u0431\u043e\u0442\u044b  - \u041d\u0430\u0448\u0438 \u0440\u0430\u0431\u043e\u0442\u044b - \u0423\u043a\u043b\u0430\u0434\u043a\u0430 \u0442\u0440\u043e\u0442\u0443\u0430\u0440\u043d\u043e\u0439 \u043f\u043b\u0438\u0442\u043a\u0438 \u0425\u0430\u0440\u044c\u043a\u043e\u0432 \u0446\u0435\u043d\u0430",
    "display_name": "\u0411\u0438\u043a\u0438\u043d\u0438",
    "date": "29 \u042f\u043d\u0432\u0430\u0440\u044f 2010",
    "content": "<img src=\"\/HaIIIu\/32.jpg\" alt=\"null\" width=\"650\" height=\"500\"><p><img src=\"\/HaIIIu\/30.jpg\" alt=\"Kirp\" width=\"650\" height=\"500\"><\/p><p><img src=\"\/HaIIIu\/28.jpg\" alt=\"Kirp\" width=\"650\" height=\"500\"><\/p>"
}