{
    "excerpt": "<p align=\"center\"><a href=\"\/ractcenki1.doc\"><img src=\"\/Stina_755-92-63.jpg\" alt=\"null\" width=\"650\" height=\"300\"><\/a><\/p><p align=\"center\"><span style=\"font-size: 18pt\"><a href=\"\/rascenki1.doc\" target=\"null\"><span style=\"color: #ff0000\"><span style=\"font-size: 14pt\"><span style=\"font-family: Arial\"><span style=\"font-size: 18pt\"><strong><span style=\"color: #ff0000\"><span style=\"font-family: &quot;Arial Narrow&quot;\"><span style=\"font-size: 14pt\"><font face=\"Arial\">\u0426\u0435\u043d\u044b \u043d\u0430 \u0443\u0441\u043b\u0443\u0433\u0438 \u0432 \u0443\u043a\u043b\u0430\u0434\u043a\u0435 \u0442\u0440\u043e\u0442\u0443\u0430\u0440\u043d\u043e\u0439 \u043f\u043b\u0438\u0442\u043a\u0438 \u043d\u0430 2014 \u0433\u043e\u0434<\/font><\/span><\/span><\/span><\/strong><\/span><\/span><\/span><\/span><\/a><\/span><\/p><p align=\"center\"><a href=\"http:\/\/plita.at.ua\/\"><img src=\"\/KILL.gif\" alt=\"\"><\/a><a href=\"http:\/\/plita.at.ua\/\"><img src=\"\/KILL.gif\" alt=\"\"><img src=\"\/KILL.gif\" alt=\"\"><img src=\"\/KILL.gif\" alt=\"\"><img src=\"\/KILL.gif\" alt=\"\"><img src=\"\/KILL.gif\" alt=\"\"><\/a><\/p><p align=\"center\"><\/p>",
    "url": "http:\/\/plita.kh.ua\/publ\/trotuarnaja_plitka\/sotrudnichestvo_s_cekhami_po_proizvodstvu_trotuarnoj_plitki\/1-1-0-10",
    "title": "\u0421\u043e\u0442\u0440\u0443\u0434\u043d\u0438\u0447\u0435\u0441\u0442\u0432\u043e \u0441 \u0446\u0435\u0445\u0430\u043c\u0438 \u043f\u043e \u043f\u0440\u043e\u0438\u0437\u0432\u043e\u0434\u0441\u0442\u0432\u0443 \u0442\u0440\u043e\u0442\u0443\u0430\u0440\u043d\u043e\u0439 \u043f\u043b\u0438\u0442\u043a\u0438 - \u0422\u0440\u043e\u0442\u0443\u0430\u0440\u043d\u0430\u044f \u043f\u043b\u0438\u0442\u043a\u0430  - \u0421\u0442\u0430\u0442\u044c\u0438 - \u0423\u043a\u043b\u0430\u0434\u043a\u0430 \u0442\u0440\u043e\u0442\u0443\u0430\u0440\u043d\u043e\u0439 \u043f\u043b\u0438\u0442\u043a\u0438 \u0425\u0430\u0440\u044c\u043a\u043e\u0432 \u0446\u0435\u043d\u0430",
    "display_name": "\u0421\u043e\u0442\u0440\u0443\u0434\u043d\u0438\u0447\u0435\u0441\u0442\u0432\u043e \u0441 \u0446\u0435\u0445\u0430\u043c\u0438 \u043f\u043e \u043f\u0440\u043e\u0438\u0437\u0432\u043e\u0434\u0441\u0442\u0432\u0443 \u0442\u0440\u043e\u0442\u0443\u0430\u0440\u043d\u043e\u0439 \u043f\u043b\u0438\u0442\u043a\u0438",
    "date": "22 \u0410\u043f\u0440\u0435\u043b\u044f 2010",
    "content": "<p align=\"center\"><span style=\"font-size: 18pt\"><a href=\"\/rascenki1.doc\" target=\"null\">\u0426\u0435\u043d\u044b \u043d\u0430 \u0443\u043a\u043b\u0430\u0434\u043a\u0443 \u0442\u0440\u043e\u0442\u0443\u0430\u0440\u043d\u043e\u0439 \u043f\u043b\u0438\u0442\u043a\u0438<\/a><\/span><span style=\"font-size: 18pt\"><\/span><\/p><p align=\"center\"><img src=\"\/3actavka.jpg\"><span style=\"font-size: 18pt\"><\/span><\/p><p align=\"center\"><span style=\"font-size: 18pt\"><\/span><\/p><p align=\"center\"><span style=\"font-size: 18pt\"><\/span><\/p><p align=\"center\"><\/p><p><span style=\"font-size: 18pt\"><\/span><\/p><p><span style=\"font-size: 18pt\"><\/span><\/p><p><span style=\"font-size: 18pt\"><\/span><\/p><p><span style=\"font-size: 18pt\"><\/span><\/p>"
}