{
    "excerpt": "<p class=\"2\" style=\"margin-top:0cm;margin-right:1.0pt;margin-bottom:0cm; margin-left:1.0pt;margin-bottom:.0001pt;text-indent:14.0pt;line-height:150%; background:transparent\" align=\"justify\"><img src=\"\/HaIIIu\/2013\/DSC00024.jpg\" alt=\"\u0441\u0443\u0445\u043e\u043f\u0440\u0435\u0441\u0441\u043e\u0432\u0430\u043d\u043d\u0430\u044f\" width=\"300\" height=\"200\" align=\"left\">   <\/p><p class=\"2\" style=\"margin-top:0cm;margin-right:1.0pt;margin-bottom:0cm; margin-left:1.0pt;margin-bottom:.0001pt;text-indent:14.0pt;line-height:150%\" startcont=\"this\"><strong><span lang=\"RU\" style=\"font-size:14.0pt;line-height:150%;mso-ansi-language:RU\"><span style=\"font-size: 12pt;\"><span style=\"font-size: 14pt;\">\u0412\u0438\u0431\u0440\u043e\u043b\u0438\u0442\u044c\u0435<\/span><\/span><\/span><\/strong><span class=\"95pt\"><span lang=\"RU\" style=\"font-size:14.0pt;line-height:150%;mso-ansi-language: RU\"><span style=\"font-size: 12pt;\"><span style=\"font-size: 14pt;\">. <\/span><\/span><\/span><\/span><span lang=\"RU\" style=\"font-size:14.0pt;line-height:150%; mso-ansi-language:RU\"><span style=\"font-size: 12pt;\"><span style=\"font-size: 14pt;\">\u041f\u0440\u043e\u0446\u0435\u0441\u0441 \u043f\u0440\u043e\u0438\u0437\u0432\u043e\u0434\u0441\u0442\u0432\u0430 \u0442\u0440\u043e\u0442\u0443\u0430\u0440\u043d\u043e\u0439 \u043f\u043b\u0438\u0442\u043a\u0438 \u043c\u0435\u0442\u043e\u0434\u043e\u043c \u0432\u0438\u0431\u0440\u043e\u043b\u0438\u0442\u044c\u044f \u043e\u0442\u043d\u043e\u0441\u0438\u0442\u0435\u043b\u044c\u043d\u043e \u043f\u0440\u043e\u0441\u0442.&nbsp;<\/span><\/span><\/span><\/p><span style=\"font-size: 12pt;\"><span style=\"font-size: 14pt;\">  <\/span><\/span><p class=\"2\" style=\"margin-top:0cm;margin-right:1.0pt;margin-bottom:0cm; margin-left:1.0pt;margin-bottom:.0001pt;text-indent:14.0pt;line-height:150%\"><span class=\"franklingothicheavy9pt\"><b style=\"mso-bidi-font-weight:normal\"><span lang=\"RU\" style=\"font-size:14.0pt;line-height:150%;mso-ansi-language:RU\"><span style=\"font-size: 12pt;\"><span style=\"font-size: 14pt;\">\u041f\u0440\u0435\u0441\u0441\u043e\u0432\u0430\u043d\u0438\u0435<\/span><\/span><\/span><\/b><\/span><span class=\"franklingothicheavy9pt\"><span lang=\"RU\" style=\"font-size:14.0pt;line-height: 150%;mso-ansi-language:RU\"><span style=\"font-size: 12pt;\"><span style=\"font-size: 14pt;\">. <\/span><\/span><\/span><\/span><span lang=\"RU\" style=\"font-size:14.0pt; line-height:150%;color:black;mso-ansi-language:RU\"><span style=\"font-size: 12pt;\"><span style=\"font-size: 14pt;\">\u041f\u0440\u043e\u0438\u0437\u0432\u043e\u0434\u0441\u0442\u0432\u043e \u043f\u043b\u0438\u0442\u043a\u0438 \u043f\u0443\u0442\u0435\u043c <\/span><\/span><\/span><span lang=\"RU\" style=\"font-size:14.0pt;line-height:150%;color:black;mso-ansi-language: RU\"><span style=\"font-size: 12pt;\"><span style=\"font-size: 14pt;\">\u043f\u0440\u0435\u0441\u0441\u043e\u0432\u0430\u043d\u0438\u044f \u0441\u0443\u0449\u0435\u00ad\u0441\u0442\u0432\u0435\u043d\u043d\u043e \u043e\u0442\u043b\u0438\u0447\u0430\u0435\u0442\u0441\u044f \u043e\u0442 \u043f\u0440\u043e\u0446\u0435\u0441\u0441\u0430 \u0432\u0438\u0431\u0440\u043e\u043b\u0438\u0442\u044c\u044f. \u041e\u0441\u043d\u043e\u0432\u043d\u044b\u043c \u044d\u043b\u0435\u043c\u0435\u043d\u0442\u043e\u043c \u0437\u0434\u0435\u0441\u044c \u044f\u0432\u043b\u044f\u0435\u0442\u0441\u044f \u043c\u043e\u0449\u043d\u044b\u0439 \u043f\u0440\u0435\u0441\u0441<\/span><\/span><\/span><span lang=\"RU\" style=\"font-size: 14.0pt;line-height:150%;mso-fareast-font-family:&quot;Courier New&quot;;color:black; mso-ansi-language:RU\"><span style=\"font-size: 12pt;\"><span style=\"font-size: 14pt;\">.<\/span><\/span><\/span><span lang=\"RU\" style=\"font-size:14.0pt;line-height:150%;font-family:&quot;Times New Roman&quot;,&quot;serif&quot;\"><span style=\"font-size: 12pt;\"><span style=\"font-size: 14pt;\"><br><\/span><\/span><\/span><\/p>",
    "url": "http:\/\/plita.kh.ua\/publ\/trotuarnaja_plitka\/sposoby_proizvodstva_trotuarnoj_plitki_chto_luchshe_vibrolite_ili_sukhopressovanie\/1-1-0-29",
    "title": "\u0421\u041f\u041e\u0421\u041e\u0411\u042b \u041f\u0420\u041e\u0418\u0417\u0412\u041e\u0414\u0421\u0422\u0412\u0410 \u0422\u0420\u041e\u0422\u0423\u0410\u0420\u041d\u041e\u0419 \u041f\u041b\u0418\u0422\u041a\u0418 (\u0447\u0442\u043e \u043b\u0443\u0447\u0448\u0435 \u0432\u0438\u0431\u0440\u043e\u043b\u0438\u0442\u044c\u0435 \u0438\u043b\u0438 \u0441\u0443\u0445\u043e\u043f\u0440\u0435\u0441\u0441\u043e\u0432\u0430\u043d\u0438\u0435) - \u0422\u0440\u043e\u0442\u0443\u0430\u0440\u043d\u0430\u044f \u043f\u043b\u0438\u0442\u043a\u0430  - \u0421\u0442\u0430\u0442\u044c\u0438 - \u0423\u043a\u043b\u0430\u0434\u043a\u0430 \u0442\u0440\u043e\u0442\u0443\u0430\u0440\u043d\u043e\u0439 \u043f\u043b\u0438\u0442\u043a\u0438 \u0425\u0430\u0440\u044c\u043a\u043e\u0432 \u0446\u0435\u043d\u0430",
    "display_name": "\u0421\u041f\u041e\u0421\u041e\u0411\u042b \u041f\u0420\u041e\u0418\u0417\u0412\u041e\u0414\u0421\u0422\u0412\u0410 \u0422\u0420\u041e\u0422\u0423\u0410\u0420\u041d\u041e\u0419 \u041f\u041b\u0418\u0422\u041a\u0418 (\u0447\u0442\u043e \u043b\u0443\u0447\u0448\u0435 \u0432\u0438\u0431\u0440\u043e\u043b\u0438\u0442\u044c\u0435 \u0438\u043b\u0438 \u0441\u0443\u0445\u043e\u043f\u0440\u0435\u0441\u0441\u043e\u0432\u0430\u043d\u0438\u0435)",
    "date": "23 \u0424\u0435\u0432\u0440\u0430\u043b\u044f 2014",
    "content": "<br> <p class=\"2\" style=\"margin-top:0cm;margin-right:1.0pt;margin-bottom:0cm; <br \/> margin-left:1.0pt;margin-bottom:.0001pt;text-indent:14.0pt;line-height:150%; <br \/> background:transparent\" align=\"justify\"><img src=\"\/HaIIIu\/2013\/DSC00102.jpg\" alt=\"\u0432\u0438\u0431\u0440\u043e\u043b\u0438\u0442\u044c\u0435\" width=\"300\" height=\"200\" align=\"left\"><span class=\"95pt\"><span lang=\"RU\" style=\"font-size:14.0pt; <br \/> line-height:150%;font-family:&quot;Times New Roman&quot;,&quot;serif&quot;\"><strong><span style=\"font-size: 14pt;\"><span style=\"font-family: &quot;Arial&quot;;\"><span style=\"font-size: 12pt;\"><span style=\"font-size: 14pt;\">\u0412\u0438\u0431\u0440\u043e\u043b\u0438\u0442\u044c\u0435<\/span><\/span><\/span><\/span><\/strong><span style=\"font-size: 14pt;\"><span style=\"font-family: &quot;Arial&quot;;\"><span style=\"font-size: 12pt;\"><span style=\"font-size: 14pt;\">. <\/span><\/span><\/span><\/span><\/span><\/span><span lang=\"RU\" style=\"font-size:14.0pt;line-height:150%;font-family:&quot;Times New Roman&quot;,&quot;serif&quot;\"><span style=\"font-size: 14pt;\"><span style=\"font-family: &quot;Arial&quot;;\"><span style=\"font-size: 12pt;\"><span style=\"font-size: 14pt;\">\u041f\u0440\u043e\u0446\u0435\u0441\u0441 <\/span><\/span><\/span><\/span><span style=\"font-size: 14pt;\"><span style=\"font-family: &quot;Arial&quot;;\"><span style=\"font-size: 12pt;\"><span style=\"font-size: 14pt;\"><br><\/span><\/span><\/span><\/span><span style=\"font-size: 14pt;\"><span style=\"font-family: &quot;Arial&quot;;\"><span style=\"font-size: 12pt;\"><span style=\"font-size: 14pt;\">&nbsp;\u043f\u0440\u043e\u0438\u0437\u0432\u043e\u0434\u0441\u0442\u0432\u0430 \u0442\u0440\u043e\u0442\u0443\u0430\u0440\u043d\u043e\u0439 \u043f\u043b\u0438\u0442\u043a\u0438 \u043c\u0435\u0442\u043e\u0434\u043e\u043c \u0432\u0438\u0431\u0440\u043e\u043b\u0438\u0442\u044c\u044f \u043e\u0442\u043d\u043e\u0441\u0438\u0442\u0435\u043b\u044c\u043d\u043e \u043f\u0440\u043e\u0441\u0442. \u0412 <\/span><\/span><\/span><\/span><span style=\"font-size: 14pt;\"><span style=\"font-family: &quot;Arial&quot;;\"><span style=\"font-size: 12pt;\"><span style=\"font-size: 14pt;\">\u0431\u0435\u0442\u043e\u043d\u043e\u043c\u0435\u0448\u0430\u043b\u043a\u0443 \u0437\u0430\u0433\u0440\u0443\u0436\u0430\u044e\u0442\u0441\u044f \u043f\u0435\u0441\u043e\u043a, \u0449\u0435\u0431\u0435\u043d\u044c, \u0446\u0435\u043c\u0435\u043d\u0442 \u0438 \u0432\u043e\u0434\u0430, \u0438 \u0432\u0441\u0435 \u0442\u0449\u0430\u0442\u0435\u043b\u044c\u043d\u043e <\/span><\/span><\/span><\/span><span style=\"font-size: 14pt;\"><span style=\"font-family: &quot;Arial&quot;;\"><span style=\"font-size: 12pt;\"><span style=\"font-size: 14pt;\">\u043f\u0435\u0440\u0435\u043c\u0435\u0448\u0438\u0432\u0430\u0435\u0442\u0441\u044f. \u0413\u043e\u0442\u043e\u0432\u044b\u0439 \u0431\u0435\u00ad\u0442\u043e\u043d \u0440\u0430\u0437\u043b\u0438\u0432\u0430\u0435\u0442\u0441\u044f \u043f\u043e \u0444\u043e\u0440\u043c\u0430\u043c, \u0443\u0441\u0442\u0430\u043d\u043e\u0432\u043b\u0435\u043d\u043d\u044b\u043c \u043d\u0430 <\/span><\/span><\/span><\/span><span style=\"font-size: 14pt;\"><span style=\"font-family: &quot;Arial&quot;;\"><span style=\"font-size: 12pt;\"><span style=\"font-size: 14pt;\">\u0432\u0438\u0431\u0440\u043e\u0441\u0442\u043e\u043b\u0430\u0445. \u041f\u043e\u0441\u043b\u0435 \u0442\u043e\u0433\u043e \u043a\u0430\u043a \u0431\u0435\u0442\u043e\u043d\u043d\u0430\u044f \u0441\u043c\u0435\u0441\u044c \u0443\u0442\u0440\u0430\u043c\u0431\u043e\u0432\u0430\u043b\u0430\u0441\u044c, \u0444\u043e\u0440\u043c\u044b \u0441\u043d\u0438\u043c\u0430\u044e\u0442 \u0438 <\/span><\/span><\/span><\/span><span style=\"font-size: 14pt;\"><span style=\"font-family: &quot;Arial&quot;;\"><span style=\"font-size: 12pt;\"><span style=\"font-size: 14pt;\">\u0441\u0442\u0430\u0432\u044f\u0442 \u0432 \u0441\u0443\u00ad\u0448\u0438\u043b\u044c\u043d\u044b\u0435 \u043a\u0430\u043c\u0435\u0440\u044b, \u0433\u0434\u0435 \u043e\u043d\u0438 \u0434\u043e\u043b\u0436\u043d\u044b \u043d\u0430\u0445\u043e\u0434\u0438\u0442\u044c\u0441\u044f \u043d\u0435 \u043c\u0435\u043d\u0435\u0435 \u0441\u0443\u0442\u043e\u043a \u043d\u0430 \u0441\u043f\u0435\u0446\u0438\u00ad\u0430\u043b\u044c\u043d\u044b\u0445 <\/span><\/span><\/span><\/span><span style=\"font-size: 14pt;\"><span style=\"font-family: &quot;Arial&quot;;\"><span style=\"font-size: 12pt;\"><span style=\"font-size: 14pt;\">\u0441\u0442\u0435\u043b\u043b\u0430\u0436\u0430\u0445. \u0418\u0437\u0432\u043b\u0435\u0447\u0435\u043d\u043d\u0443\u044e \u0438\u0437 \u043f\u0435\u0447\u0438 \u0444\u043e\u0440\u043c\u0443 \u043d\u0430 \u043a\u043e\u0440\u043e\u0442\u043a\u043e\u0435 \u0432\u0440\u0435\u043c\u044f \u043f\u043e\u00ad\u043c\u0435\u0449\u0430\u044e\u0442 \u0432 \u0432\u0430\u043d\u043d\u0443 \u0441 \u0433\u043e\u0440\u044f\u0447\u0435\u0439 <\/span><\/span><\/span><\/span><span style=\"font-size: 14pt;\"><span style=\"font-family: &quot;Arial&quot;;\"><span style=\"font-size: 12pt;\"><span style=\"font-size: 14pt;\">\u0432\u043e\u0434\u043e\u0439 \u043d\u0430 \u0441\u043f\u0435\u0446\u0438\u0430\u043b\u044c\u043d\u044b\u0439 \u0448\u0430\u0431\u043b\u043e\u043d, \u043f\u043e\u0432\u0442\u043e\u0440\u044f\u044e\u0449\u0438\u0439 \u0440\u0430\u0437\u043c\u0435\u0440\u044b \u0444\u043e\u0440\u043c\u044b. \u0422\u0430\u043a \u043a\u0430\u043a \u043f\u0440\u0438 \u043d\u0430\u0433\u0440\u0435\u0432\u0430\u043d\u0438\u0438 <\/span><\/span><\/span><\/span><span style=\"font-size: 14pt;\"><span style=\"font-family: &quot;Arial&quot;;\"><span style=\"font-size: 12pt;\"><span style=\"font-size: 14pt;\">\u0444\u043e\u0440\u043c\u0430 \u0440\u0430\u0441\u0448\u0438\u0440\u044f\u0435\u0442\u0441\u044f, \u043f\u043b\u0438\u0442\u043a\u0430 \u043b\u0435\u0433\u043a\u043e \u0438\u0437\u0432\u043b\u0435\u043a\u0430\u0435\u0442\u0441\u044f \u0438\u0437 \u043d\u0435\u0435. \u0413\u043e\u0442\u043e\u0432\u044b\u0435 \u0438\u0437\u0434\u0435\u043b\u0438\u044f <\/span><\/span><\/span><\/span><span style=\"font-size: 14pt;\"><span style=\"font-family: &quot;Arial&quot;;\"><span style=\"font-size: 12pt;\"><span style=\"font-size: 14pt;\">\u0443\u043a\u043b\u0430\u0434\u044b\u0432\u0430\u044e\u0442\u0441\u044f \u043d\u0430 \u043f\u043e\u0434\u0434\u043e\u043d\u044b. \u0418\u0441\u043f\u043e\u043b\u044c\u0437\u043e\u0432\u0430\u043d\u043d\u0430\u044f \u0444\u043e\u0440\u043c\u0430 \u043f\u0440\u043e\u043c\u044b\u0432\u0430\u0435\u0442\u0441\u044f \u0438 \u0433\u043e\u0442\u043e\u0432\u0438\u0442\u0441\u044f \u043a \u043d\u043e\u0432\u043e\u0439 <\/span><\/span><\/span><\/span><span style=\"font-size: 14pt;\"><span style=\"font-family: &quot;Arial&quot;;\"><span style=\"font-size: 12pt;\"><span style=\"font-size: 14pt;\">\u0437\u0430\u0433\u0440\u0443\u0437\u043a\u0435.<\/span><\/span><\/span><\/span><\/span><\/p><div align=\"justify\"><span style=\"font-size: 14pt;\"><span style=\"font-family: &quot;Arial&quot;;\"><span style=\"font-size: 12pt;\"><span style=\"font-size: 14pt;\"> <\/span><\/span><\/span><\/span><\/div><p class=\"2\" style=\"margin-top:0cm;margin-right:1.0pt;margin-bottom:0cm; <br \/> margin-left:1.0pt;margin-bottom:.0001pt;text-indent:14.0pt;line-height:150%; <br \/> background:transparent\" align=\"justify\"><span lang=\"RU\" style=\"font-size:14.0pt;line-height:150%; <br \/> font-family:&quot;Times New Roman&quot;,&quot;serif&quot;\"><span style=\"font-size: 14pt;\"><span style=\"font-family: &quot;Arial&quot;;\"><span style=\"font-size: 12pt;\"><span style=\"font-size: 14pt;\">\u041f\u043e\u0434\u043e\u0431\u043d\u0430\u044f \u0442\u0435\u0445\u043d\u043e\u043b\u043e\u0433\u0438\u044f \u0443\u0434\u043e\u0431\u043d\u0430 \u0434\u043b\u044f \u043d\u0435\u0431\u043e\u043b\u044c\u0448\u0438\u0445 <\/span><\/span><\/span><\/span><span style=\"font-size: 14pt;\"><span style=\"font-family: &quot;Arial&quot;;\"><span style=\"font-size: 12pt;\"><span style=\"font-size: 14pt;\">\u0444\u0438\u0440\u043c, \u043a\u043e\u0442\u043e\u0440\u044b\u0435 \u0442\u043e\u043b\u044c\u043a\u043e \u043d\u0430\u0447\u0438\u043d\u0430\u044e\u0442 \u043f\u0440\u043e\u0438\u0437\u0432\u043e\u0434\u0441\u0442\u0432\u043e, \u0442\u0430\u043a \u043a\u0430\u043a \u0434\u043b\u044f \u043f\u0440\u0438\u043e\u0431\u0440\u0435\u0442\u0435\u043d\u0438\u044f \u043a\u043e\u043c\u043f\u043b\u0435\u043a\u0442\u0430 <\/span><\/span><\/span><\/span><span style=\"font-size: 14pt;\"><span style=\"font-family: &quot;Arial&quot;;\"><span style=\"font-size: 12pt;\"><span style=\"font-size: 14pt;\">\u043e\u0431\u043e\u0440\u0443\u0434\u043e\u00ad\u0432\u0430\u043d\u0438\u044f \u0434\u043b\u044f \u0432\u0438\u0431\u0440\u043e\u043b\u0438\u0442\u044c\u044f (\u0434\u0432\u0435 \u0431\u0435\u0442\u043e\u043d\u043e\u043c\u0435\u0448\u0430\u043b\u043a\u0438, \u0432\u0438\u0431\u0440\u043e\u0441\u0442\u043e\u043b, \u0448\u0430\u0431\u043b\u043e\u043d\u044b, \u0444\u043e\u0440\u00ad\u043c\u044b, <\/span><\/span><\/span><\/span><span style=\"font-size: 14pt;\"><span style=\"font-family: &quot;Arial&quot;;\"><span style=\"font-size: 12pt;\"><span style=\"font-size: 14pt;\">\u0432\u0430\u043d\u043d\u044b, \u043f\u043e\u0433\u0440\u0443\u0437\u0447\u0438\u043a) \u0431\u043e\u043b\u044c\u0448\u0438\u0445 \u0441\u0440\u0435\u0434\u0441\u0442\u0432 \u043d\u0435 \u0442\u0440\u0435\u0431\u0443\u0435\u0442\u0441\u044f. \u041f\u0440\u0438 \u0440\u0430\u0441\u0448\u0438\u0440\u0435\u043d\u0438\u0438 \u043f\u0440\u043e\u0438\u0437\u0432\u043e\u0434\u0441\u0442\u0432\u0430 \u0431\u0435\u0442\u043e\u043d\u043e\u043c\u0435\u0448\u0430\u043b\u043a\u0438 <\/span><\/span><\/span><\/span><span style=\"font-size: 14pt;\"><span style=\"font-family: &quot;Arial&quot;;\"><span style=\"font-size: 12pt;\"><span style=\"font-size: 14pt;\">\u0437\u0430\u043c\u0435\u043d\u044f\u044e\u0442\u0441\u044f \u043c\u043e\u0449\u043d\u044b\u043c\u0438 \u0440\u0430\u0441\u0442\u0432\u043e\u0440\u043d\u044b\u043c\u0438 \u0443\u0437\u043b\u0430\u043c\u0438, \u043c\u0430\u043b\u0435\u043d\u044c\u043a\u0438\u0435 \u0432\u0438\u0431\u0440\u043e\u0441\u0442\u043e\u043b\u044b - \u0431\u043e\u043b\u044c\u0448\u0438\u043c\u0438. \u0412 <\/span><\/span><\/span><\/span><span style=\"font-size: 14pt;\"><span style=\"font-family: &quot;Arial&quot;;\"><span style=\"font-size: 12pt;\"><span style=\"font-size: 14pt;\">\u043e\u0441\u0442\u0430\u043b\u044c\u043d\u043e\u043c \u0436\u0435 \u043f\u0440\u043e\u0446\u0435\u0441\u0441 \u043f\u0440\u043e\u0438\u0437\u0432\u043e\u0434\u0441\u0442\u0432\u0430 \u043e\u0441\u0442\u0430\u0435\u0442\u0441\u044f \u0431\u0435\u0437 \u0438\u0437\u043c\u0435\u043d\u0435\u043d\u0438\u0439.<\/span><\/span><\/span><\/span><\/span><\/p><div align=\"justify\"><span style=\"font-size: 14pt;\"><span style=\"font-family: &quot;Arial&quot;;\"><span style=\"font-size: 12pt;\"><span style=\"font-size: 14pt;\"> <\/span><\/span><\/span><\/span><span style=\"font-size: 14pt;\"><span style=\"font-family: &quot;Arial&quot;;\"><span style=\"font-size: 12pt;\"><span style=\"font-size: 14pt;\"><br><\/span><\/span><\/span><\/span><span style=\"font-size: 14pt;\"><span style=\"font-family: &quot;Arial&quot;;\"><span style=\"font-size: 12pt;\"><span style=\"font-size: 14pt;\"> <\/span><\/span><\/span><\/span><\/div><p class=\"2\" style=\"margin-top:0cm;margin-right:1.0pt;margin-bottom:8.9pt; <br \/> margin-left:1.0pt;text-indent:14.0pt;line-height:150%;background:transparent\" align=\"justify\"><span lang=\"RU\" style=\"font-size:14.0pt;line-height:150%;font-family:&quot;Times New Roman&quot;,&quot;serif&quot;\"><span style=\"font-size: 14pt;\"><span style=\"font-family: &quot;Arial&quot;;\"><span style=\"font-size: 12pt;\"><span style=\"font-size: 14pt;\">\u0412 <\/span><\/span><\/span><\/span><span style=\"font-size: 14pt;\"><span style=\"font-family: &quot;Arial&quot;;\"><span style=\"font-size: 12pt;\"><span style=\"font-size: 14pt;\">\u0440\u0435\u0437\u0443\u043b\u044c\u0442\u0430\u0442\u0435 \u043f\u043e\u043b\u0443\u0447\u0430\u0435\u0442\u0441\u044f \u043f\u0440\u043e\u0441\u0442\u0430\u044f \u043d\u0435\u043e\u043a\u0440\u0430\u0448\u0435\u043d\u043d\u0430\u044f \u043f\u043b\u0438\u0442\u043a\u0430 \u0441\u0435\u0440\u043e\u0433\u043e \u0446\u0432\u0435\u0442\u0430. \u0414\u043b\u044f <\/span><\/span><\/span><\/span><span style=\"font-size: 14pt;\"><span style=\"font-family: &quot;Arial&quot;;\"><span style=\"font-size: 12pt;\"><span style=\"font-size: 14pt;\">\u0438\u0437\u0433\u043e\u0442\u043e\u0432\u043b\u0435\u043d\u0438\u044f \u0446\u0432\u0435\u0442\u043d\u043e\u0439 \u043f\u043b\u0438\u0442\u043a\u0438 \u0432\u044b\u0434\u0435\u043b\u044f\u044e\u0442 \u043e\u0442\u0434\u0435\u043b\u044c\u043d\u0443\u044e \u0431\u0435\u0442\u043e\u043d\u043e\u043c\u0435\u0448\u0430\u043b\u043a\u0443, \u0432 \u043a\u043e\u0442\u043e\u0440\u0443\u044e \u043f\u0440\u0438 <\/span><\/span><\/span><\/span><span style=\"font-size: 14pt;\"><span style=\"font-family: &quot;Arial&quot;;\"><span style=\"font-size: 12pt;\"><span style=\"font-size: 14pt;\">\u0437\u0430\u043c\u0435\u0448\u0438\u0432\u0430\u043d\u0438\u0438 \u0434\u043e\u0431\u0430\u0432\u043b\u044f\u044e\u0442 \u043f\u0438\u0433\u043c\u0435\u043d\u0442 (3-5 % \u043e\u0442 \u043a\u043e\u043b\u0438\u0447\u0435\u0441\u0442\u0432\u0430 \u0446\u0435\u043c\u0435\u043d\u0442\u0430). \u0425\u043e\u0440\u043e\u0448\u0438\u0439 \u043f\u0438\u0433\u043c\u0435\u043d\u0442 <\/span><\/span><\/span><\/span><span style=\"font-size: 14pt;\"><span style=\"font-family: &quot;Arial&quot;;\"><span style=\"font-size: 12pt;\"><span style=\"font-size: 14pt;\">\u0441\u0442\u043e\u0438\u0442 \u0434\u043e\u0440\u043e\u0433\u043e, \u043f\u043e\u044d\u0442\u043e\u043c\u0443 \u0446\u0435\u043b\u044c\u043d\u043e\u043e\u043a\u0440\u0430\u0448\u0435\u043d\u043d\u0443\u044e \u043f\u043b\u0438\u0442\u043a\u0443 \u043e\u0431\u044b\u0447\u043d\u043e \u043d\u0435 \u0434\u0435\u043b\u0430\u044e\u0442, \u0430 \u043f\u043e\u0441\u0442\u0443\u043f\u0430\u044e\u0442 <\/span><\/span><\/span><\/span><span style=\"font-size: 14pt;\"><span style=\"font-family: &quot;Arial&quot;;\"><span style=\"font-size: 12pt;\"><span style=\"font-size: 14pt;\">\u0441\u043b\u0435\u0434\u0443\u044e\u0449\u0438\u043c \u043e\u0431\u0440\u0430\u0437\u043e\u043c: \u0432 \u0444\u043e\u0440\u043c\u0443 \u0441\u043d\u0430\u0447\u0430\u043b\u0430 \u0437\u0430\u043b\u0438\u0432\u0430\u044e\u0442 \u043e\u043a\u0440\u0430\u0448\u0435\u043d\u043d\u044b\u0439 \u0431\u0435\u0442\u043e\u043d (\u043f\u0440\u0438\u0431\u043b\u0438\u0437\u0438\u0442\u0435\u043b\u044c\u043d\u043e \u043d\u0430 <\/span><\/span><\/span><\/span><span style=\"font-size: 14pt;\"><span style=\"font-family: &quot;Arial&quot;;\"><span style=\"font-size: 12pt;\"><span style=\"font-size: 14pt;\">\u043f\u043e\u043b\u043e\u0432\u0438\u043d\u0443 \u0435\u0435 \u0432\u044b\u0441\u043e\u0442\u044b), \u0430 \u043e\u0441\u0442\u0430\u043b\u044c\u043d\u043e\u0439 \u043e\u0431\u044a\u0435\u043c \u0434\u043e\u043b\u0438\u0432\u0430\u044e\u0442 \u043e\u0431\u044b\u0447\u043d\u044b\u043c \u043d\u0435\u043e\u043a\u0440\u0430\u0448\u0435\u043d\u043d\u044b\u043c. \u0422\u0430\u043a\u0438\u043c <\/span><\/span><\/span><\/span><span style=\"font-size: 14pt;\"><span style=\"font-family: &quot;Arial&quot;;\"><span style=\"font-size: 12pt;\"><span style=\"font-size: 14pt;\">\u043e\u0431\u0440\u0430\u0437\u043e\u043c \u043f\u043e\u043b\u0443\u0447\u0430\u0435\u0442\u0441\u044f \u043f\u043b\u0438\u0442\u043a\u0430 \u043e\u0442 \u0432\u0435\u0440\u0445\u0430 \u0434\u043e \u0441\u0435\u0440\u0435\u0434\u0438\u043d\u044b \u0446\u0432\u0435\u0442\u043d\u0430\u044f, \u0430 \u0432\u043d\u0438\u0437\u0443 - \u0441\u0435\u00ad\u0440\u0430\u044f. <\/span><\/span><\/span><\/span><span style=\"font-size: 14pt;\"><span style=\"font-family: &quot;Arial&quot;;\"><span style=\"font-size: 12pt;\"><span style=\"font-size: 14pt;\">\u041f\u043e\u0434\u043e\u0431\u043d\u044b\u0439 \u043f\u0440\u043e\u0446\u0435\u0441\u0441 \u0446\u0435\u043b\u0435\u0441\u043e\u043e\u0431\u0440\u0430\u0437\u0435\u043d \u0435\u0449\u0435 \u0438 \u043f\u043e \u0442\u043e\u0439 \u043f\u0440\u0438\u0447\u0438\u043d\u0435, \u0447\u0442\u043e \u0434\u043e\u00ad\u0431\u0430\u0432\u043b\u0435\u043d\u0438\u0435 \u043f\u0438\u0433\u043c\u0435\u043d\u0442\u0430 <\/span><\/span><\/span><\/span><span style=\"font-size: 14pt;\"><span style=\"font-family: &quot;Arial&quot;;\"><span style=\"font-size: 12pt;\"><span style=\"font-size: 14pt;\">\u0441\u043d\u0438\u0436\u0430\u0435\u0442 \u043f\u0440\u043e\u0447\u043d\u043e\u0441\u0442\u044c \u043f\u043b\u0438\u0442\u043a\u0438. \u041e\u0434\u043d\u0430\u043a\u043e \u043e\u043a\u0440\u0430\u0448\u0435\u043d\u043d\u044b\u0439 \u0441\u043b\u043e\u0439 \u0434\u043e\u043b\u0436\u0435\u043d \u0431\u044b\u0442\u044c \u043d\u0435 \u043c\u0435\u043d\u0435\u0435 2-3 \u0441\u043c, <\/span><\/span><\/span><\/span><span style=\"font-size: 14pt;\"><span style=\"font-family: &quot;Arial&quot;;\"><span style=\"font-size: 12pt;\"><span style=\"font-size: 14pt;\">\u0447\u0442\u043e \u0433\u0430\u0440\u0430\u043d\u0442\u0438\u0440\u0443\u0435\u0442 \u043d\u0435\u0432\u043e\u0437\u043c\u043e\u0436\u043d\u043e\u0441\u0442\u044c \u0435\u0433\u043e \u0438\u0441\u0442\u0438\u0440\u0430\u043d\u0438\u044f \u043f\u0440\u0438 \u044d\u043a\u0441\u043f\u043b\u0443\u0430\u0442\u0430\u0446\u0438\u0438.<\/span><\/span><\/span><\/span><\/span><\/p><p class=\"2\" style=\"margin-top:0cm;margin-right:1.0pt;margin-bottom:8.9pt; <br \/> margin-left:1.0pt;text-indent:14.0pt;line-height:150%;background:transparent\" align=\"justify\"><img src=\"\/HaIIIu\/2013\/DSC00013.jpg\" alt=\"\" height=\"200\" width=\"300\" align=\"left\"><span class=\"FranklinGothicHeavy9pt\"><span lang=\"RU\" style=\"font-size:14.0pt;line-height:150%;font-family:&quot;Times New Roman&quot;,&quot;serif&quot;\"><strong><span style=\"font-size: 14pt;\"><span style=\"font-family: &quot;Arial&quot;;\"><span style=\"font-size: 12pt;\"><span style=\"font-size: 14pt;\">\u041f\u0440\u0435\u0441\u0441\u043e\u0432\u0430\u043d\u0438\u0435.<\/span><\/span><\/span><\/span><\/strong><span style=\"font-size: 14pt;\"><span style=\"font-family: &quot;Arial&quot;;\"><span style=\"font-size: 12pt;\"><span style=\"font-size: 14pt;\"> <\/span><\/span><\/span><\/span><span style=\"font-size: 14pt;\"><span style=\"font-family: &quot;Arial&quot;;\"><span style=\"font-size: 12pt;\"><span style=\"font-size: 14pt;\"><br><\/span><\/span><\/span><\/span><span style=\"font-size: 14pt;\"><span style=\"font-family: &quot;Arial&quot;;\"><span style=\"font-size: 12pt;\"><span style=\"font-size: 14pt;\"> <\/span><\/span><\/span><\/span><\/span><\/span><span lang=\"RU\" style=\"font-size:14.0pt;line-height:150%; <br \/> font-family:&quot;Times New Roman&quot;,&quot;serif&quot;\"><span style=\"font-size: 14pt;\"><span style=\"font-family: &quot;Arial&quot;;\"><span style=\"font-size: 12pt;\"><span style=\"font-size: 14pt;\">\u041f\u0440\u043e\u0438\u0437\u0432\u043e\u0434\u0441\u0442\u0432\u043e \u043f\u043b\u0438\u0442\u043a\u0438 \u043f\u0443\u0442\u0435\u043c \u043f\u0440\u0435\u0441\u0441\u043e\u0432\u0430\u043d\u0438\u044f <\/span><\/span><\/span><\/span><span style=\"font-size: 14pt;\"><span style=\"font-family: &quot;Arial&quot;;\"><span style=\"font-size: 12pt;\"><span style=\"font-size: 14pt;\"><br><\/span><\/span><\/span><\/span><span style=\"font-size: 14pt;\"><span style=\"font-family: &quot;Arial&quot;;\"><span style=\"font-size: 12pt;\"><span style=\"font-size: 14pt;\">&nbsp;\u0441\u0443\u0449\u0435\u00ad\u0441\u0442\u0432\u0435\u043d\u043d\u043e \u043e\u0442\u043b\u0438\u0447\u0430\u0435\u0442\u0441\u044f \u043e\u0442 \u043f\u0440\u043e\u0446\u0435\u0441\u0441\u0430 \u0432\u0438\u0431\u0440\u043e\u043b\u0438\u0442\u044c\u044f. \u041e\u0441\u043d\u043e\u0432\u043d\u044b\u043c \u044d\u043b\u0435\u043c\u0435\u043d\u0442\u043e\u043c \u0437\u0434\u0435\u0441\u044c <\/span><\/span><\/span><\/span><span style=\"font-size: 14pt;\"><span style=\"font-family: &quot;Arial&quot;;\"><span style=\"font-size: 12pt;\"><span style=\"font-size: 14pt;\">\u044f\u0432\u043b\u044f\u0435\u0442\u0441\u044f \u043c\u043e\u0449\u043d\u044b\u0439 \u043f\u0440\u0435\u0441\u0441. \u0422\u0435\u0445\u043d\u043e\u043b\u043e\u0433\u0438\u0447\u0435\u0441\u043a\u0430\u044f \u043b\u0438\u043d\u0438\u044f \u0432 \u044d\u0442\u043e\u043c \u0441\u043b\u0443\u0447\u0430\u0435 \u043d\u0430 \u043f\u043e\u0440\u044f\u0434\u043e\u043a \u0434\u043e\u0440\u043e\u0436\u0435, <\/span><\/span><\/span><\/span><span style=\"font-size: 14pt;\"><span style=\"font-family: &quot;Arial&quot;;\"><span style=\"font-size: 12pt;\"><span style=\"font-size: 14pt;\">\u043d\u043e \u043f\u0440\u0438\u043c\u0435\u0440\u043d\u043e \u043d\u0430\u0441\u0442\u043e\u043b\u044c\u043a\u043e \u0436\u0435 \u043f\u0440\u043e\u0438\u0437\u0432\u043e\u0434\u0438\u0442\u0435\u043b\u044c\u043d\u0435\u0435. \u041f\u0440\u0438 \u0438\u0437\u0433\u043e\u0442\u043e\u0432\u043b\u0435\u043d\u0438\u0438 \u0441\u043c\u0435\u0441\u0438 \u0434\u043b\u044f \u043f\u0440\u0435\u0441\u0441\u043e\u0432\u043a\u0438 <\/span><\/span><\/span><\/span><span style=\"font-size: 14pt;\"><span style=\"font-family: &quot;Arial&quot;;\"><span style=\"font-size: 12pt;\"><span style=\"font-size: 14pt;\">\u0438\u0441\u043f\u043e\u043b\u044c\u0437\u0443\u044e\u0442\u0441\u044f \u0442\u0435 \u0436\u0435 \u043a\u043e\u043c\u043f\u043e\u043d\u0435\u043d\u0442\u044b, \u0442.\u0435. \u043f\u0435\u0441\u043e\u043a, \u0449\u0435\u0431\u0435\u043d\u044c, \u0446\u0435\u043c\u0435\u043d\u0442. \u041d\u0435\u043a\u043e\u0442\u043e\u0440\u044b\u0435 <\/span><\/span><\/span><\/span><span style=\"font-size: 14pt;\"><span style=\"font-family: &quot;Arial&quot;;\"><span style=\"font-size: 12pt;\"><span style=\"font-size: 14pt;\">\u043f\u0440\u043e\u0438\u0437\u0432\u043e\u0434\u0438\u0442\u0435\u043b\u0438 \u043f\u0440\u0438 \u043f\u0440\u0435\u0441\u0441\u043e\u0432\u043a\u0435 \u043d\u0435 \u0434\u043e\u0431\u0430\u0432\u043b\u044f\u044e\u0442 \u0449\u0435\u0431\u0435\u043d\u044c, \u0447\u0442\u043e \u043f\u0440\u0438\u0432\u043e\u0434\u0438\u0442 \u043a \u0443\u0434\u0435\u0448\u0435\u0432\u043b\u0435\u043d\u0438\u044e <\/span><\/span><\/span><\/span><span style=\"font-size: 14pt;\"><span style=\"font-family: &quot;Arial&quot;;\"><span style=\"font-size: 12pt;\"><span style=\"font-size: 14pt;\">\u043f\u0440\u043e\u0434\u0443\u043a\u0446\u0438\u0438, \u0430 \u0437\u043d\u0430\u0447\u0438\u0442 \u043a \u0441\u0443\u0449\u0435\u0441\u0442\u0432\u0435\u043d\u043d\u043e\u0439 \u043f\u043e\u0442\u0435\u0440\u0435 \u043f\u0440\u043e\u0447\u043d\u043e\u0441\u0442\u0438. \u041f\u043e\u043b\u0443\u0441\u0443\u0445\u0430\u044f \u0441\u043c\u0435\u0441\u044c \u043f\u043e\u043c\u0435\u0449\u0430\u0435\u0442\u0441\u044f <\/span><\/span><\/span><\/span><span style=\"font-size: 14pt;\"><span style=\"font-family: &quot;Arial&quot;;\"><span style=\"font-size: 12pt;\"><span style=\"font-size: 14pt;\">\u0432 \u043f\u0440\u0435\u0441\u0441-\u0444\u043e\u0440\u043c\u044b, \u043a\u043e\u0442\u043e\u0440\u044b\u0435 \u043d\u0430\u043f\u0440\u0430\u0432\u043b\u044f\u044e\u0442\u0441\u044f \u0432 \u043f\u0440\u0435\u0441\u0441.&nbsp;<\/span><\/span><\/span><\/span><\/span><span style=\"font-size: 14pt;\"><span style=\"font-family: &quot;Arial&quot;;\"><span style=\"font-size: 12pt;\"><span style=\"font-size: 14pt;\"> <\/span><\/span><\/span><\/span><span style=\"font-size: 14pt;\"><span style=\"font-family: &quot;Arial&quot;;\"><span style=\"font-size: 12pt;\"><span style=\"font-size: 14pt;\"><br><\/span><\/span><\/span><\/span><span style=\"font-size: 14pt;\"><span style=\"font-family: &quot;Arial&quot;;\"><span style=\"font-size: 12pt;\"><span style=\"font-size: 14pt;\"> <\/span><\/span><\/span><\/span><span lang=\"RU\" style=\"font-size:14.0pt;font-family: <br \/> &quot;Times New Roman&quot;,&quot;serif&quot;;mso-fareast-font-family:&quot;Courier New&quot;;color:black; <br \/> mso-ansi-language:RU;mso-fareast-language:UK;mso-bidi-language:AR-SA\"><span style=\"font-size: 14pt;\"><span style=\"font-family: &quot;Arial&quot;;\"><span style=\"font-size: 12pt;\"><span style=\"font-size: 14pt;\">\u0412\u0441\u0435 <\/span><\/span><\/span><\/span><span style=\"font-size: 14pt;\"><span style=\"font-family: &quot;Arial&quot;;\"><span style=\"font-size: 12pt;\"><span style=\"font-size: 14pt;\">\u043a\u0440\u0443\u043f\u043d\u044b\u0435 \u0441\u043e\u0432\u0440\u0435\u043c\u0435\u043d\u043d\u044b\u0435 \u0437\u0430\u0432\u043e\u0434\u044b \u043f\u043e \u043f\u0440\u043e\u0438\u0437\u0432\u043e\u0434\u0441\u0442\u0432\u0443 \u0442\u0440\u043e\u0442\u0443\u0430\u0440\u043d\u043e\u0439 \u043f\u043b\u0438\u0442\u043a\u0438 \u0438\u0441\u043f\u043e\u043b\u044c\u0437\u0443\u044e\u0442 \u0438\u043c\u0435\u043d\u043d\u043e <\/span><\/span><\/span><\/span><span style=\"font-size: 14pt;\"><span style=\"font-family: &quot;Arial&quot;;\"><span style=\"font-size: 12pt;\"><span style=\"font-size: 14pt;\">\u044d\u0442\u0443 \u0442\u0435\u0445\u043d\u043e\u043b\u043e\u0433\u0438\u044e, \u043a\u043e\u0442\u043e\u0440\u0430\u044f \u043f\u043e\u0437\u0432\u043e\u043b\u044f\u0435\u0442 \u0438\u0437\u0433\u043e\u0442\u0430\u0432\u043b\u0438\u0432\u0430\u0442\u044c \u0434\u043e \u043d\u0435\u0441\u043a\u043e\u043b\u044c\u043a\u0438\u0445 \u0442\u044b\u0441\u044f\u0447 \u043a\u0432\u0430\u0434\u0440\u0430\u0442\u043d\u044b\u0445 <\/span><\/span><\/span><\/span><span style=\"font-size: 14pt;\"><span style=\"font-family: &quot;Arial&quot;;\"><span style=\"font-size: 12pt;\"><span style=\"font-size: 14pt;\">\u043c\u0435\u0442\u0440\u043e\u0432 \u043f\u043b\u0438\u0442\u043a\u0438 \u0432 \u0441\u0443\u0442\u043a\u0438. \u0414\u0432\u0430 \u0440\u0430\u0437\u043b\u0438\u0447\u043d\u044b\u0445 \u0442\u0435\u0445\u043d\u043e\u043b\u043e\u0433\u0438\u0447\u0435\u0441\u043a\u0438\u0445 \u043f\u0440\u043e\u0446\u0435\u0441\u0441\u0430 (\u043b\u0438\u0442\u044c\u0435 \u0438 <\/span><\/span><\/span><\/span><span style=\"font-size: 14pt;\"><span style=\"font-family: &quot;Arial&quot;;\"><span style=\"font-size: 12pt;\"><span style=\"font-size: 14pt;\">\u043f\u0440\u0435\u0441\u0441\u043e\u0432\u0430\u043d\u0438\u0435) \u0432 \u043a\u043e\u043d\u0435\u0447\u043d\u043e\u043c \u0438\u0442\u043e\u0433\u0435 \u043c\u043e\u0433\u0443\u0442 \u0434\u0430\u0442\u044c \u043e\u0434\u0438\u043d\u0430\u043a\u043e\u0432\u0443\u044e \u043f\u043e \u0432\u043d\u0435\u0448\u043d\u0435\u043c\u0443 \u0432\u0438\u0434\u0443, \u043d\u043e <\/span><\/span><\/span><\/span><span style=\"font-size: 14pt;\"><span style=\"font-family: &quot;Arial&quot;;\"><span style=\"font-size: 12pt;\"><span style=\"font-size: 14pt;\">\u0434\u043e\u0441\u0442\u0430\u0442\u043e\u0447\u043d\u043e \u0440\u0430\u0437\u043d\u0443\u044e \u043f\u043e \u043f\u0440\u043e\u0447\u043d\u043e\u0441\u0442\u0438 \u0442\u0440\u043e\u0442\u0443\u0430\u0440\u043d\u0443\u044e \u043f\u043b\u0438\u0442\u043a\u0443. \u041f\u043b\u0438\u0442\u043a\u0430, \u0441\u0434\u0435\u043b\u0430\u043d\u043d\u0430\u044f \u043f\u043e <\/span><\/span><\/span><\/span><span style=\"font-size: 14pt;\"><span style=\"font-family: &quot;Arial&quot;;\"><span style=\"font-size: 12pt;\"><span style=\"font-size: 14pt;\">\u0442\u0435\u0445\u043d\u043e\u043b\u043e\u0433\u0438\u0438 \u0432\u0438\u0431\u0440\u043e\u043b\u0438\u0442\u044c\u044f, \u043f\u043e \u043c\u0435\u043d\u044c\u0448\u0435\u0439 \u043c\u0435\u0440\u0435 \u043d\u0430 25-30 % \u043f\u0440\u043e\u0447\u043d\u0435\u0435, \u0447\u0435\u043c \u043f\u0440\u0435\u0441\u0441\u043e\u0432\u0430\u043d\u043d\u0430\u044f, \u0430 <\/span><\/span><\/span><\/span><span style=\"font-size: 14pt;\"><span style=\"font-family: &quot;Arial&quot;;\"><span style=\"font-size: 12pt;\"><span style=\"font-size: 14pt;\">\u0435\u0441\u043b\u0438 \u043f\u0440\u0435\u0441\u0441\u043e\u0432\u043a\u0430 \u0432\u044b\u043f\u043e\u043b\u043d\u0435\u043d\u0430 \u0431\u0435\u0437 \u0434\u043e\u0431\u0430\u0432\u043a\u0438 \u0449\u0435\u0431\u043d\u044f, \u0442\u043e \u0438 <\/span><\/span><\/span><\/span><\/span><span class=\"0pt\"><span lang=\"RU\" style=\"font-size:14.0pt;font-family:&quot;Times New Roman&quot;,&quot;serif&quot;; <br \/> mso-fareast-language:UK;mso-bidi-language:AR-SA\"><span style=\"font-size: 14pt;\"><span style=\"font-family: &quot;Arial&quot;;\"><span style=\"font-size: 12pt;\"><span style=\"font-size: 14pt;\">\u043d\u0430 <\/span><\/span><\/span><\/span><\/span><\/span><span lang=\"RU\" style=\"font-size:14.0pt;font-family:&quot;Times New Roman&quot;,&quot;serif&quot;; <br \/> mso-fareast-font-family:&quot;Courier New&quot;;color:black;mso-ansi-language:RU; <br \/> mso-fareast-language:UK;mso-bidi-language:AR-SA\"><span style=\"font-size: 14pt;\"><span style=\"font-family: &quot;Arial&quot;;\"><span style=\"font-size: 12pt;\"><span style=\"font-size: 14pt;\">\u0432\u0441\u0435 50 %. \u041a\u0440\u043e\u043c\u0435 \u0442\u043e\u0433\u043e, \u043f\u0440\u0438 <\/span><\/span><\/span><\/span><span style=\"font-size: 14pt;\"><span style=\"font-family: &quot;Arial&quot;;\"><span style=\"font-size: 12pt;\"><span style=\"font-size: 14pt;\">\u0432\u0438\u0431\u0440\u043e\u043b\u0438\u0442\u044c\u0435 \u043d\u0430\u043c\u043d\u043e\u0433\u043e \u0448\u0438\u0440\u0435 \u0434\u0438\u0430\u043f\u0430\u0437\u043e\u043d \u0444\u0438\u0440\u043c \u0438 \u0440\u0430\u0437\u043c\u0435\u0440\u043e\u0432 \u043f\u043b\u0438\u0442\u043a\u0438. \u0415\u0441\u043b\u0438 \u0440\u0430\u0441\u0441\u043c\u0430\u0442\u0440\u0438\u0432\u0430\u0442\u044c \u0432\u0441\u0435 <\/span><\/span><\/span><\/span><span style=\"font-size: 14pt;\"><span style=\"font-family: &quot;Arial&quot;;\"><span style=\"font-size: 12pt;\"><span style=\"font-size: 14pt;\">\u0432\u0430\u0440\u0438\u0430\u043d\u0442\u044b \u0444\u043e\u0440\u043c \u0438 \u0432\u0438\u0434\u043e\u0432 \u043f\u043e\u0432\u0435\u0440\u0445\u043d\u043e\u0441\u0442\u0438, \u0442\u043e \u0438\u0445 \u043d\u0430\u0431\u0435\u0440\u0435\u0442\u0441\u044f \u043d\u0435\u0441\u043a\u043e\u043b\u044c\u043a\u043e \u0441\u043e\u0442\u0435\u043d. \u041d\u0435\u043a\u043e\u0442\u043e\u0440\u044b\u0435 <\/span><\/span><\/span><\/span><span style=\"font-size: 14pt;\"><span style=\"font-family: &quot;Arial&quot;;\"><span style=\"font-size: 12pt;\"><span style=\"font-size: 14pt;\">\u043f\u0440\u043e\u0438\u0437\u0432\u043e\u0434\u0438\u0442\u0435\u043b\u0438 \u0440\u0430\u0437\u0440\u0430\u0431\u0430\u0442\u044b\u0432\u0430\u044e\u0442 \u0438 \u0438\u0437\u0433\u043e\u0442\u0430\u0432\u043b\u0438\u0432\u0430\u044e\u0442 \u043d\u043e\u0432\u044b\u0435 \u0444\u043e\u0440\u043c\u044b \u0438 \u0432\u0430\u0440\u0438\u0430\u043d\u0442\u044b \u043f\u043b\u0438\u0442\u043a\u0438<\/span><\/span><\/span><\/span><\/span><span class=\"65pt\"><span lang=\"RU\" style=\"font-size:14.0pt;font-family:&quot;Times New Roman&quot;,&quot;serif&quot;; <br \/> mso-ansi-language:RU;mso-fareast-language:UK;mso-bidi-language:AR-SA\"><span style=\"font-size: 14pt;\"><span style=\"font-family: &quot;Arial&quot;;\"><span style=\"font-size: 12pt;\"><span style=\"font-size: 14pt;\"> <\/span><\/span><\/span><\/span><\/span><\/span><span lang=\"RU\" style=\"font-size:14.0pt;font-family:&quot;Times New Roman&quot;,&quot;serif&quot;; <br \/> mso-fareast-font-family:&quot;Courier New&quot;;color:black;mso-ansi-language:RU; <br \/> mso-fareast-language:UK;mso-bidi-language:AR-SA\"><span style=\"font-size: 14pt;\"><span style=\"font-family: &quot;Arial&quot;;\"><span style=\"font-size: 12pt;\"><span style=\"font-size: 14pt;\">\u0434\u043b\u044f \u0432\u0438\u0431\u0440\u043e\u043b\u0438\u0442\u044c\u044f \u0441\u0430\u043c\u043e\u0441\u0442\u043e\u044f\u0442\u0435\u043b\u044c\u043d\u043e, <\/span><\/span><\/span><\/span><span style=\"font-size: 14pt;\"><span style=\"font-family: &quot;Arial&quot;;\"><span style=\"font-size: 12pt;\"><span style=\"font-size: 14pt;\">\u0447\u0442\u043e \u0441\u043e\u0432\u0435\u0440\u0448\u0435\u043d\u043d\u043e \u043d\u0435\u0432\u043e\u0437\u043c\u043e\u0436\u043d\u043e \u0434\u043b\u044f \u043f\u0440\u0435\u0441\u0441\u043e\u0432\u043a\u0438. \u041c\u043d\u043e\u0433\u043e\u043e\u0431\u0440\u0430\u0437\u0438\u0435 \u0444\u043e\u0440\u043c \u0438 \u0440\u0430\u0437\u043c\u0435\u0440\u043e\u0432, \u043a\u043e\u043d\u0435\u0447\u043d\u043e, <\/span><\/span><\/span><\/span><span style=\"font-size: 14pt;\"><span style=\"font-family: &quot;Arial&quot;;\"><span style=\"font-size: 12pt;\"><span style=\"font-size: 14pt;\">\u043f\u0440\u0438\u0432\u0435\u0442\u0441\u0442\u0432\u0443\u0435\u0442\u0441\u044f, \u043d\u043e, \u0432 \u0441\u0432\u043e\u044e \u043e\u0447\u0435\u0440\u0435\u0434\u044c, \u043e\u0431\u0443\u0441\u043b\u043e\u0432\u043b\u0438\u0432\u0430\u0435\u0442 \u043e\u0442\u043a\u043b\u043e\u043d\u0435\u043d\u0438\u044f \u0438\u0437\u0434\u0435\u043b\u0438\u0439 \u043e\u0442 <\/span><\/span><\/span><\/span><span style=\"font-size: 14pt;\"><span style=\"font-family: &quot;Arial&quot;;\"><span style=\"font-size: 12pt;\"><span style=\"font-size: 14pt;\">\u0437\u0430\u0434\u0430\u043d\u043d\u044b\u0445 \u043f\u0430\u0440\u0430\u043c\u0435\u0442\u0440\u043e\u0432. \u0422\u0430\u043a, \u043f\u043b\u0438\u0442\u043a\u0430, \u0441\u0434\u0435\u043b\u0430\u043d\u043d\u0430\u044f \u043f\u043e \u043c\u0435\u0442\u043e\u0434\u0443 \u0432\u0438\u0431\u0440\u043e\u043b\u0438\u0442\u044c\u044f, \u0438\u043d\u043e\u0433\u0434\u0430 \u0438\u043c\u0435\u0435\u0442 <\/span><\/span><\/span><\/span><span style=\"font-size: 14pt;\"><span style=\"font-family: &quot;Arial&quot;;\"><span style=\"font-size: 12pt;\"><span style=\"font-size: 14pt;\">\u0442\u0430\u043a\u0438\u0435 \u043e\u0442\u043a\u043b\u043e\u043d\u0435\u043d\u0438\u044f \u043e\u0442 \u0440\u0430\u0437\u043c\u0435\u0440\u043e\u0432, \u0447\u0442\u043e \u0443\u043b\u043e\u0436\u0438\u0442\u044c \u0438\u043c \u043a\u0430\u0447\u0435\u0441\u0442\u0432\u0435\u043d\u043d\u043e \u0441\u0442\u0430\u043d\u043e\u0432\u0438\u0442\u0441\u044f \u043f\u0440\u043e\u0441\u0442\u043e&nbsp;<\/span><\/span><\/span><\/span><span style=\"font-size: 14pt;\"><span style=\"font-family: &quot;Arial&quot;;\"><span style=\"font-size: 12pt;\"><span style=\"font-size: 14pt;\"><br><\/span><\/span><\/span><\/span><span style=\"font-size: 14pt;\"><span style=\"font-family: &quot;Arial&quot;;\"><span style=\"font-size: 12pt;\"><span style=\"font-size: 14pt;\"> \u043d\u0435\u0432\u043e\u0437\u043c\u043e\u0436\u043d\u043e.<\/span><\/span><\/span><\/span><a class=\"link\" href=\"http:\/\/plita.at.ua\" rel=\"nofollow\" target=\"_blank\"><span style=\"font-size: 14pt;\"><span style=\"font-family: &quot;Arial&quot;;\"><span style=\"font-size: 12pt;\"><span style=\"font-size: 14pt;\"> http:\/\/plita.at.ua<\/span><\/span><\/span><\/span><\/a><\/span> <br> <\/p><p class=\"2\" style=\"margin-top:0cm;margin-right:1.0pt;margin-bottom:8.9pt; <br \/> margin-left:1.0pt;text-indent:14.0pt;line-height:150%;background:transparent\" align=\"justify\"><span lang=\"RU\" style=\"font-size:14.0pt;line-height:150%;font-family:&quot;Times New Roman&quot;,&quot;serif&quot;\"><br><\/span><\/p>"
}